date,sales,Test_Forecast,test_Forecast_prophet_online,test_Forecast_prophet_online_global,Test_Forecast_Sarimax_global,Test_Forecast_prophet_online
2016-01-01,16433.394,923070.3838562928,56233.78430568709,690101.17540197,883290.6795549351,692107.1121314323
2016-01-02,1066677.424862,906475.3690870802,70606.13471687783,869241.9784767359,622992.7845557976,871434.1849933678
2016-01-03,1226735.719895,845104.3987801777,80512.55063574213,918947.5518358074,1115350.7742451243,921342.0242268231
2016-01-04,955956.875097,951790.4855319612,55072.849905839714,670285.4184427658,905668.4217123976,672867.4083048702
2016-01-05,835320.439089,884962.9348818444,55272.76249640752,637981.9216485592,930421.6209356146,640742.5559121057
2016-01-06,821685.655923,930906.6700006081,50623.95137907953,628348.0051065286,1233019.303382534,631305.8531301781
2016-01-07,653504.3669428,882993.2209982305,48384.84975450442,551056.1574470298,587624.8258990202,554168.1361250258
2016-01-08,713608.3341557,856148.8705266018,44457.849923890746,633033.3180991469,1133261.015959524,626942.53804336
2016-01-09,989209.458148,844634.2095253235,59918.98050593174,827850.4120231593,594917.7857511223,821386.4634054718
2016-01-10,1094693.83696,844454.3469892382,70728.68451268681,890243.5919192838,997345.1549792234,883299.6813504073
2016-01-11,705495.240963,849230.9291245095,45264.46388851317,651890.8170649394,985986.945959348,644156.4844368643
2016-01-12,647058.461085,872068.0960274112,46089.998717134105,631862.5417558625,923954.2344057036,623590.9287774072
2016-01-13,660045.317135,922153.1599734892,42215.6385379665,634111.8433885376,1206628.546600333,625246.7570541303
2016-01-14,561972.62307,912463.6881789074,40577.35746384725,567082.885914641,593025.790254663,557681.1835188798
2016-01-15,671027.100027,874514.2500358785,46203.57603905296,683722.7125504189,1119761.432323324,674218.2176983107
2016-01-16,959827.146436,998368.3339722413,63440.14242750697,892559.1352428225,613557.0641037482,882167.6019313803
2016-01-17,1057997.343303,897203.215335958,75696.17143001984,966597.0638416297,1047103.9717435862,955313.573375136
2016-01-18,709784.229951,897323.4922917606,50524.12442801379,735278.2310476128,1014711.0568447772,723141.913722364
2016-01-19,630929.75099,873218.6481973435,52203.68877876355,722321.7574020193,997248.3724268804,709346.0516651846
2016-01-20,738744.013045,883263.5170160828,49337.643057229696,733543.8239264016,1322098.1278598546,719654.5886338489
2016-01-21,552820.7690359,862091.4774422416,48200.46228093656,667803.1427191799,525754.1432766109,653195.5057773987
2016-01-22,648431.428037,867165.9321242901,48740.47597309588,669217.147986991,1058464.5930571975,670856.2403397269
2016-01-23,906754.833923,879462.9152204124,66798.3249699033,875353.081677623,530607.5349455266,877086.1178602852
2016-01-24,980927.7570135,889234.4509300198,79708.75346230669,944602.2529365068,973277.1408826,946436.5624789777
2016-01-25,658090.687097,909830.5631806301,54122.91909101259,705180.0388624773,944058.060494318,707114.5500571281
2016-01-26,609465.787904,921828.9248259388,56032.36313992567,685592.085324124,901984.935030588,687618.2288130671
2016-01-27,647254.67807,903137.8878851332,53219.35536948111,688447.4461686057,1179106.245896298,690581.0200181322
2016-01-28,533709.8489592,1017993.7872631031,52080.45039357372,614428.2679381977,602112.4584452147,616638.6514515375
2016-01-29,660492.758086,918711.4192611626,61726.114478096126,718736.747321584,1142958.902828876,733716.7660949611
2016-01-30,969938.376831,923484.9684405533,80634.0229595881,923983.665754349,629581.2847233892,940421.911181771
2016-01-31,1093211.2294,893288.7288127476,94053.10876103088,989978.1404371752,1068394.9877387416,1007850.5417048831
2016-02-01,872063.3148838,887871.1346301183,68175.72274009115,749337.6255269948,1048322.3556866476,768561.0742478814
2016-02-02,765233.207779,879981.0125390074,70079.90411678514,726738.7259196521,1004370.5619381692,747272.7778014187
2016-02-03,772360.939004,894246.2075062097,67144.65802292757,729726.1725414441,1273207.299703702,751765.0063552395
2016-02-04,650328.166941,900013.4216415433,65875.84771686302,652723.8119100075,653301.281350609,675875.031821228
2016-02-05,768586.5079877,910469.3705579211,55323.14111245047,704641.2304346829,1207991.644921186,694830.0721703116
2016-02-06,941954.07605,933882.3067709418,73420.95779873541,909480.0651012334,685890.2896868375,898927.3517145091
2016-02-07,697791.630994,942861.4237533149,85332.97443388439,970665.2983582512,1100023.9765760745,959292.0221692014
2016-02-08,636542.677274,915737.8042626015,58141.40765841667,733263.8577925888,1143071.6298941327,720926.8807149658
2016-02-09,746939.64016,1038618.1451042208,59095.6932538221,715897.9370461319,1107274.9717120086,702762.3637506812
2016-02-10,790988.713851,943983.1387714166,54919.87369424143,721936.3237835433,1345869.0833383235,707916.1958978999
2016-02-11,646376.371075,944447.0593385957,52626.980313006046,646503.1352552534,797321.4847871313,631765.6761337525
2016-02-12,698152.0698755,914505.3465755957,48609.84127710512,624978.4067505184,1322110.6728752148,627045.937010616
2016-02-13,859023.0269945,910775.5301774961,66832.23536469672,827434.0999579972,818701.3218268303,829707.0788233572
2016-02-14,940214.498527,901308.8495387735,78953.22241617583,888843.2741873653,1253989.622351123,891305.4104815294
2016-02-15,746671.290005,910842.831800749,51331.33964891385,644399.937525443,1218980.844274348,646958.3055630822
2016-02-16,719111.88609,921422.1010758835,52166.42294100471,622103.8917083231,1080770.8653079043,624806.747930433
2016-02-17,723794.722013,934343.9527754906,48281.1159652577,625618.4762935063,1353033.6623916198,628522.3819258397
2016-02-18,570072.678149,955040.087211296,45985.24286548903,544822.6604231766,694102.2596278728,547837.934536425
2016-02-19,672510.133621,964117.050545375,48041.52681118267,660708.6554997527,1229954.5991449936,658210.0082209641
2016-02-20,883790.2212395,937999.7104516558,67221.69806676157,872916.1850641954,725137.632708714,870162.7386074159
2016-02-21,991384.2700283,1060022.69770164,80144.09966884587,940946.4283624988,1168580.8899680346,937944.9328481931
2016-02-22,698907.63622,962680.7381461643,52766.19656242195,701767.0982784494,1121142.60783596,698580.8005351465
2016-02-23,641329.0610941,966018.114911751,54110.93156215257,684530.5862413149,1063789.853229602,681132.1108835767
2016-02-24,675573.377814,937433.5941889455,50778.47578491105,692467.1714885678,1349765.5989567873,688803.9065385509
2016-02-25,557959.327812,932032.8707155249,48804.18897302986,614253.5783382568,656160.6757741019,610419.8889642516
2016-02-26,641922.8016649,922605.5193041016,61708.48821420912,758349.3358267257,1240884.084790195,747147.1334558254
2016-02-27,916704.068729,932737.9964534786,82234.0687146637,976854.801384812,769564.882669675,964612.4071657958
2016-02-28,994502.727301,942837.0733686738,96356.7157869772,1046822.3133738046,1204937.7087545476,1033523.6502249975
2016-02-29,726619.7578255,954189.8149604818,69693.63349751725,810961.3761543467,1116329.6264318982,796579.8101622949
2016-03-01,897927.643296,976597.5759696038,72239.67110972221,800246.3097242682,1092451.9747505635,784874.7396734031
2016-03-02,878452.364907,986441.1788701757,69681.64272864399,811401.6428583706,1432701.1006696357,794916.0483622228
2016-03-03,671564.7523075,959310.5564221246,68044.42001601434,730529.019500002,662261.7277357844,713188.7118241051
2016-03-04,747546.7958183,1081350.2524607002,57228.15627090682,712041.5565791489,1205250.8494552402,720636.1937189709
2016-03-05,1028620.677053,984363.8280185704,77156.45521560953,922703.1585256024,690133.6610991844,932240.0826067075
2016-03-06,1078958.5091855,987426.7368832713,90471.43522731875,984243.7760187008,1115388.824518823,994647.0461445935
2016-03-07,738126.524119,957924.8945274362,62452.1422064182,736324.8101138404,1075206.9423620356,747518.2961019708
2016-03-08,642291.3448895,953542.25621721,64041.40158436246,715886.545812025,1019619.5077991826,727875.4352371042
2016-03-09,694645.8489091,944555.6423896634,60494.9715620408,719117.3442451474,1312244.2585511338,732009.6228534019
2016-03-10,572491.856825,954078.7262959064,58023.45196058684,630528.5847523261,651343.7324445368,644087.5741215844
2016-03-11,664893.5129268001,964185.3600607874,47836.95110054503,669387.2480390486,1188135.168627268,661795.2086605721
2016-03-12,898101.109871,975749.1865565209,67139.19339933431,878940.0776147328,682401.1117912419,870655.6313913047
2016-03-13,954980.3301475,997997.9353454753,79724.92768604319,939437.4275047296,1111007.910285865,930421.1929018016
2016-03-14,668066.393105,1007302.3142449281,50511.38990951306,689474.491419917,1080051.7714590377,679613.8495249273
2016-03-15,668186.702459,980776.7335266286,51509.37317933792,670524.6172891454,1039683.3858452708,659955.0365487062
2016-03-16,739805.377693,1103072.7492800038,47220.45403559691,676567.3636716476,1315982.6471789738,665228.5163837735
2016-03-17,580452.5319757,1005721.6671664517,44117.71175849839,587948.1861919437,729273.8637160542,575978.6969981523
2016-03-18,666756.8191527,1008788.2169604043,47285.49895517232,645160.8093525786,1210400.392756195,636087.2842389408
2016-03-19,895038.512068,979411.6657579888,67604.504897003,859889.7537767416,712801.1335108363,849881.1752994393
2016-03-20,929605.582019,974936.0927302756,81098.3084987917,924715.2256926984,1142874.245335794,913808.9002598892
2016-03-21,690469.800941,965631.3982150492,52329.08467808477,677905.4710774459,1109642.5577896517,666091.0415604659
2016-03-22,622695.8369947,975513.8694338893,54075.550009164464,663163.0489397204,1036265.8181831648,650510.3945126734
2016-03-23,714881.17408,985770.6830726885,50734.58804594089,675926.3915730838,1341325.8802607493,662299.4592600854
2016-03-24,660489.8450025,997116.970069265,48274.57175483435,590974.761907011,596297.0665479848,576627.1403263384
2016-03-25,633524.200062,1019367.576218735,44319.74538185969,579326.334682665,1174216.944248181,579508.4563712494
2016-03-26,800133.5174955,1028746.3149503384,64913.42812417072,792865.0733611071,610895.7991178186,793093.6453667292
2016-03-27,833336.064862,1002166.1124101894,78513.47299063699,855671.6468370227,1045187.7667370735,855922.6429125651
2016-03-28,661057.8656583,1124274.0781417948,49772.13713142561,607523.9871403537,1024608.8304929258,607806.5829746816
2016-03-29,621166.0630926,1027136.4013646976,51517.72176449464,589616.9958973674,975796.4109226776,589928.3780615232
2016-03-30,660138.988943,1030291.3603181954,48196.03402958791,600207.0907637435,1270514.7980417,600505.0216511859
2016-03-31,617374.3379607,1000785.2808056413,45707.943283598375,512295.16165529983,668897.5389639433,512597.8751285896
2016-04-01,872467.3200749999,996310.7003914939,62435.771790874656,813186.2194704731,1303585.1571168378,806473.6228333293
2016-04-02,1150824.580929,987050.1367007871,84421.17615680957,1044413.6248368706,705095.7197578102,1037125.3563537729
2016-04-03,1266908.291001,996900.389303833,99017.99808745664,1123089.3723299946,1152790.2015082056,1115218.8644231749
2016-04-04,795237.1920634999,1007045.8697079072,70148.89965911623,880768.2089159838,1106133.2015290058,872320.948830458
2016-04-05,725750.101045,1018518.8536158057,72225.57631547,873182.1082593141,1050434.5532970135,864195.2489469657
2016-04-06,744784.8430795,1040821.6614866967,69151.14674050343,893254.0155121346,1344205.1701306235,883662.560778559
2016-04-07,587939.720177,1050123.367352184,66638.79723455975,810005.1477145328,643189.7007020728,799950.6281486369
2016-04-08,689727.1961377,1023543.7140561568,50739.612788687926,687870.4260159944,1200389.7768028812,690265.5517739949
2016-04-09,927981.389244,1145677.8703422805,71455.17406807005,903160.384387814,703216.314458736,905720.8854838638
2016-04-10,1008876.737901,1048521.146345914,84643.31464318087,965490.818843555,1153991.3621017751,968218.840467884
2016-04-11,665348.963943,1051610.132120327,53954.77127775224,704388.0760557227,1128643.5342174969,707360.4129562712
2016-04-12,651657.0342615,1022179.2628365378,54711.89617692988,682275.6069595664,1152872.5134487508,685432.4239985533
2016-04-13,672611.48105,1017735.5636909388,50290.65312729144,685459.4637423637,1397914.151979862,688781.2380795937
2016-04-14,546785.2089455,1008429.2212150448,46658.07253067719,588809.4392742553,716442.6352568767,592299.4823604147
2016-04-15,667606.299867,1018279.7852353354,135221.36438579587,1169804.4188990078,1196227.842325299,1179265.3346463535
2016-04-16,862121.492036,1028440.8092290899,161283.6617291869,1413654.6143490628,756582.81356424,1424052.450850808
2016-04-17,1271833.739255,1039902.5165091117,180234.55215721796,1509222.9942360348,1197271.2403822248,1520551.6637534727
2016-04-18,1345920.6048929,1062166.2079868894,154488.0192280381,1277991.0219249898,1179166.2843195382,1290282.96304253
2016-04-19,1152089.208085,1071512.557247793,159447.8787866287,1275962.9687451029,1120659.9856281483,1289132.4718823794
2016-04-20,1062426.2900389,1044951.1944342677,159224.1108829947,1301298.427320123,1474034.4622870854,1315471.2775081485
2016-04-21,2002159.558336,1167058.158237324,163878.32136547717,1240577.3573200642,1119366.710148129,1255510.556704353
2016-04-22,857059.24399,1069901.6137262934,82903.13905772385,776617.570731131,1354233.4638529348,778136.0512557001
2016-04-23,1022143.1346499,1072999.8244310666,103465.46363460232,982492.018713777,847523.3533058718,984465.9785839715
2016-04-24,1039369.932014,1043562.2729173652,117032.20250749822,1042075.3549176818,1288504.718970043,1044337.2926902879
2016-04-25,680000.753839,1039095.3726687059,85971.18420966806,775075.1720450528,1231785.1200179134,777509.6257841302
2016-04-26,704799.4182328,1029815.5285340357,86423.65995306104,744920.0668746433,1182013.460656445,747609.2079616921
2016-04-27,670288.098041,1039676.9339144893,81515.08479492628,737840.5838076087,1515113.370222854,740793.1487374548
2016-04-28,543339.849013,1049821.8104297265,82679.61497752274,653493.4347588057,861233.5198179602,656626.3250531184
2016-04-29,708711.428894,1061283.6222666998,77592.19428336933,870371.7233773919,1526500.941539762,871188.439551448
2016-04-30,1067335.770093,1083552.788687793,98746.17488246014,1095032.1039423866,1087017.5186326222,1095986.3520454273
2016-05-01,2540242.41512,1092895.1759560693,114999.13920745146,1195077.529101926,2211595.81517782,1196152.4490867804
2016-05-02,973985.670432,1066320.048672559,80796.85487907425,914476.6801870264,1468705.6854997263,915652.1046742698
2016-05-03,792205.5501393,1188442.740294389,81307.80554389743,894533.8451589724,1447960.3333776426,895816.1643510612
2016-05-04,798654.4540987,1091292.6248868913,76581.35287440749,904009.2790605888,1731361.1067640218,905417.5890361032
2016-05-05,648701.6029645,1094381.2486762456,77690.37748767316,827959.0051318342,1062375.6010209892,829456.1794543595
2016-05-06,761422.5161262,1064943.7584893885,99058.95987266734,1074763.5853516597,1624508.939789415,1056002.3342229696
2016-05-07,2142385.553966,1060480.1076172015,124494.79215317853,1338501.8927501573,1681411.0388422213,1317973.9530259396
2016-05-08,1641649.2761366,1051197.9134997455,141854.70296646812,1447718.784959029,2076692.3591122404,1425463.2197155457
2016-05-09,771767.6541339,1061051.1516488052,107559.55074252193,1165919.2134698965,1504867.4418073173,1142079.8955550317
2016-05-10,693010.486981,1071205.3630937638,109691.52350466949,1159509.418022773,1437014.576141727,1134097.787717893
2016-05-11,727543.4630335,1082670.988652565,106196.39874521217,1182512.1840192247,1638668.532656365,1155309.7920720102
2016-05-12,1206788.4141994,1104934.4639091133,110305.47822851698,1127140.246127212,1482970.385090628,1098598.5918111694
2016-05-13,666833.8999414,1114276.8873048052,63867.74769802579,727563.5046887634,1509411.3356471132,727002.3817983426
2016-05-14,932869.5212631,1087703.6885379092,87695.4617075874,971039.7534523128,1045912.8918295258,970316.361140828
2016-05-15,1070331.66738,1209824.9859867636,103669.5076555324,1061235.0459008412,1474713.24532899,1060375.1918100095
2016-05-16,748112.686851,1112670.0240429686,67564.13458890855,760587.9122733711,1421129.615171045,759690.529496037
2016-05-17,661930.83884,1115764.1883338834,68190.99084204907,736848.6734326801,1305580.3636740674,735852.4393088114
2016-05-18,671232.9593407,1086328.9608703004,63135.17166648324,741887.3101345653,1508765.9832878753,740774.2830547584
2016-05-19,581470.5602065,1081861.9317597328,66290.07697709961,673569.86628725,939306.8627075512,672378.0916536121
2016-05-20,706024.0579254,1072579.7589833804,44493.134418327405,558773.0751484844,1445049.7904812773,538687.2131613746
2016-05-21,910757.16309,1082434.1417196575,68271.9900732395,797680.2718242103,969545.887133004,775513.041156324
2016-05-22,1030671.62292,1092587.525921909,84395.9276056309,884526.0313880196,1408508.7263837242,860371.6940406219
2016-05-23,695004.681298,1104050.275311188,47414.651484285816,577682.4501205505,1341578.415269834,551655.0302955094
2016-05-24,606377.2052165,1126317.0389649607,47889.727196548505,550551.1998515807,1351046.9303280266,522705.2925136456
2016-05-25,637512.038734,1135660.805024337,42594.79157143152,551706.548894462,1564768.553227713,521799.6377244062
2016-05-26,571968.623123,1109085.6010546077,45647.33829599394,481218.2341219688,1034747.556897179,449766.4294596701
2016-05-27,852689.219312,1231206.911131912,68148.39921664324,623092.8519911047,1672146.556544267,642648.9849729491
2016-05-28,816187.2200643,1134052.628510506,94416.25648454616,869392.0515957493,1086004.142932691,890846.0354971937
2016-05-29,959853.658039,1137146.3019045533,113344.14173882506,969095.2428936552,1535646.4767585387,992410.4330202171
2016-05-30,752452.419172,1107709.3675160878,78940.97868753578,675051.0953237816,1494014.1047350932,700129.2137542804
2016-05-31,974327.9898907,1103244.290126273,82354.95416185826,665057.9275892478,1505766.3038289428,691838.1428105055
2016-06-01,811525.320315,1093962.914127435,79349.36206142817,679458.8505125986,1580832.242074801,708195.8288646414
2016-06-02,694535.9356793,1103816.1066832575,84510.14789817164,616999.2611819099,891803.8201981476,647179.8491508745
2016-06-03,742363.085208,1113969.498366489,72244.73532009099,757161.6733456654,1325371.933968719,774875.4764842241
2016-06-04,1011996.61607,1125432.650940456,99059.83124500736,1019375.0538203658,828823.5640759816,1038895.9677424533
2016-06-05,1123734.4361,1147699.123271891,118049.00475617783,1132515.47788068,1263144.868141511,1153789.3526501944
2016-06-06,729894.222866,1157041.8762945356,83084.72220081993,851334.3316603164,1219323.098053196,874204.4037482359
2016-06-07,658714.653306,1130467.8307019009,86295.78292621022,853142.9916233327,1164884.76182309,877598.6826341203
2016-06-08,696747.5498651,1252589.6136349048,82912.05629557741,877162.7712387134,1472325.6873741592,903447.3284980956
2016-06-09,547139.6129411,1155434.6246005292,87641.03043266518,822697.4727167281,793341.2410419367,850324.7740112189
2016-06-10,637354.31962,1158528.3024293063,63682.53563868745,715367.2164182686,1340581.1414866345,716839.4477844425
2016-06-11,845838.2061645,1129091.6073354222,89349.16801977175,966936.1785173218,883018.6406846633,968524.8859434768
2016-06-12,947479.764963,1124626.3570539316,107012.4189095414,1068538.3382697538,1318378.1607608148,1070241.445687568
2016-06-13,685382.193062,1115344.3798219052,70725.9190476163,776308.1810770477,1276363.6033539446,778159.028828328
2016-06-14,622267.7731045,1125198.2598917035,72197.64480953367,764533.8476522868,1246466.8655046383,766502.7332258731
2016-06-15,708327.6370845,1135351.9322049278,67443.89381272378,775530.8914610294,1595533.817436902,777624.0000328309
2016-06-16,620526.243001,1146814.6655038968,70947.73228884314,709311.3319836655,883342.2532967608,711515.0485270086
2016-06-17,737897.438279,1169081.140465392,54280.34099071352,620813.4606637607,1414019.5279025128,591566.4566272103
2016-06-18,972971.109711,1178424.0355121852,78030.74722571162,852273.3335072246,934933.3914419248,820039.4307884122
2016-06-19,837363.023871,1151849.8873106292,94188.77848244044,934664.879706342,1332611.92149758,899535.7373499176
2016-06-20,735754.3648971,1273971.3134104963,56323.639826849394,622966.0655809306,1297132.079520538,585141.5846576368
2016-06-21,679248.0220203,1176816.732425431,56500.481431294815,592500.3106588151,1242444.1266093133,552039.0687725155
2016-06-22,677730.6512057,1179910.576805668,50361.97951599577,581734.3283817108,1564031.225160159,538276.9916397791
2016-06-23,559653.337429,1150473.632862894,52764.99485861863,498840.51736073266,870385.3192028995,453147.45693904406
2016-06-24,641812.675912,1146008.38414162,56225.50123286323,611112.9077339409,1343741.9561679775,611255.4781705106
2016-06-25,2580890.5048875,1136726.4912026613,82808.36980187976,864605.1281982791,1672348.4181633457,864785.105171478
2016-06-26,954344.666933,1146580.3103744565,95740.00711912265,902851.8737503932,1314776.7646746745,903066.9222681822
2016-06-27,684735.608995,1156733.7709050737,58176.56806368042,583095.8139205205,1251819.0401263535,583346.5986078032
2016-06-28,596948.934953,1168196.7463869445,57469.05049154624,541535.9662432856,1167164.7793509576,541819.0090991518
2016-06-29,632489.476942,1190463.320196581,51579.90304870368,523275.02970915433,1464602.946184927,523627.2367206592
2016-06-30,554144.864923,1199806.0675468892,53108.9161022115,414791.35507991456,828721.830127771,415149.7135113277
2016-07-01,857027.5539605,1173231.9202710548,89745.77208888035,831961.0888602098,1385330.1292267914,847652.5792355078
2016-07-02,1078485.141848,1295353.3963999134,120235.54104703836,1124453.0327001344,874317.3650899591,1141622.948323046
2016-07-03,2253427.41589,1198198.779271748,138892.13525677868,1210362.3290747425,1796072.84563001,1228961.8417260745
2016-07-04,850891.598845,1201292.4979572007,101701.57366172248,892116.5089024901,1271409.997850388,912098.5940872333
2016-07-05,728011.558041,1171855.697753264,102950.94119507514,874006.6736159041,1230591.0421620952,895298.3470712007
2016-07-06,752110.940641,1167390.5076987671,99926.42542324567,880427.9308119253,1624017.857703513,903225.4390467562
2016-07-07,591702.7820185,1158108.5270994701,103786.92943775006,794097.0632749037,765549.9585120032,817989.8720252742
2016-07-08,688563.400224,1167962.346820584,59207.1672267726,613678.2629093084,1389261.2944749205,614388.0617956057
2016-07-09,868259.9708787,1178115.8370440449,88135.58283344265,895462.7956051098,905806.7049919512,896439.215897947
2016-07-10,932486.3001359,1189578.7910747647,105276.20299399106,970452.2230025962,1350916.9003784074,971555.2825182166
2016-07-11,688436.1450485,1211845.2902832697,66344.62722311297,643383.3924235362,1293042.5901470217,644393.5457783004
2016-07-12,627039.780111,1221188.122944504,66219.9393316567,616970.6536662307,1212697.3420077492,618043.098654547
2016-07-13,642494.4024465,1194614.0104878312,61536.81050479377,612989.4853677682,1471902.421177851,614162.8770181256
2016-07-14,535124.328126,1316735.4345889236,64346.54965832577,521400.1304780694,770879.2246088632,522564.26800011087
2016-07-15,675032.4290353,1219580.8177867448,52243.26746548223,610996.1120090298,1329454.6347619724,592764.4917021099
2016-07-16,887192.885063,1222674.5540952822,81423.05832381445,901429.09505634,836336.2663691276,881780.876585422
2016-07-17,932586.6967328,1193237.741159903,98534.31867547546,983620.4423983294,1273814.301952049,962434.1691374175
2016-07-18,702619.751022,1188772.506828798,59032.853885296514,663518.7091728533,1227145.6173510393,640475.2206687252
2016-07-19,633176.2922806,1179490.5768626707,58607.4986936827,644058.8804129856,1168440.216335624,619503.5694500464
2016-07-20,686848.847004,1189344.4172492838,53285.476439260805,647278.4878193291,1465006.736269679,621065.6918256005
2016-07-21,578823.6890245,1199497.876593504,55862.98578167328,560602.5019122502,794381.3949524981,533039.67550843
2016-07-22,646633.655341,1210960.8308176857,54327.820529338685,632712.4359934373,1282982.345577892,631295.8815355717
2016-07-23,822292.472006,1233227.3404857195,83729.23589825084,922554.8097313396,882725.9841353619,921144.9954508778
2016-07-24,1695735.355884,1242570.1655907128,102434.76136480778,1018392.5650087936,1684049.782868013,1016876.4449191415
2016-07-25,697383.602092,1215996.0268553465,61293.86221785176,680928.0806041815,1289112.629312375,679061.8052018846
2016-07-26,622771.923903,1338117.4810078954,60697.12795952712,658222.0969173479,1163796.9296945173,656192.6354427977
2016-07-27,651121.9849837,1240962.8764709115,55429.18730847405,657080.9360487027,1346178.453799214,654882.7811325073
2016-07-28,533256.2493581,1244056.5944521846,57653.06320689658,566153.7798027331,805633.7093762745,563767.7176929123
2016-07-29,669585.8378729,1214619.7816316213,61919.60950114406,637142.466397217,1338889.1961488205,666692.3691633618
2016-07-30,910213.871959,1210154.553508383,92193.13385609766,925824.0032738938,855827.4331697142,958334.6904715196
2016-07-31,997916.9572141,1200872.6190575415,112297.41301802786,1024416.0594895516,1278546.2347382307,1059740.4926464078
2016-08-01,895580.405053,1210726.4438474262,72422.52675237534,690528.0675104958,1218704.201396885,728450.6194212259
2016-08-02,777592.8388893,1220879.9210275824,72710.97334157444,668732.3571143841,1192278.30675949,709213.8662203298
2016-08-03,779844.8100532,1232342.8825312993,68742.5278056418,671876.0654226837,1490303.4825553233,715256.9638771219
2016-08-04,622883.098161,1254609.3813218498,71781.4491705691,581704.835801447,821990.5474239861,627236.9234362995
2016-08-05,704092.7391311,1263952.2064949854,56102.49708235187,617996.2725880186,1422912.9775411617,619252.9848445873
2016-08-06,858903.2119025,1237378.071444069,86216.88928701205,908035.1579926602,849144.999003782,909216.2000935266
2016-08-07,904321.436838,1359499.5229348866,106635.59170452242,1010627.4199689932,1301058.5570540002,1011796.7670736848
2016-08-08,715195.5388238,1262344.9091410479,65951.76517671201,672571.3885941833,1258951.1735205464,673900.4682536279
2016-08-09,635538.981035,1265438.6377081836,66519.49868465777,653307.5997722202,1222404.3137827688,654672.9470137574
2016-08-10,658457.436112,1236001.8292081128,62481.35119486896,657908.8258033945,1586008.7385012086,659307.6474776864
2016-08-11,596729.279945,1231536.594628941,65700.71246671554,571508.3203985178,845784.3844807441,572966.3028396787
2016-08-12,745662.5051491,1222254.660218542,60254.312091011045,615641.7383886848,1424288.6220420003,615770.0187696087
2016-08-13,714905.9190669,1232108.4871951959,90440.35386079011,905850.6814012136,856889.302626333,906050.2107936245
2016-08-14,761826.1289779,1242261.9627955817,111337.24029988628,1014451.7247376617,1286400.1964348138,1014743.419175648
2016-08-15,720032.299881,1253724.9188052367,71459.03680721634,684368.872432874,1352396.2305318257,684820.3941656598
2016-08-16,718671.651353,1275991.4238786362,72600.79175560147,670696.4059459873,1229162.7607814707,671253.3734534641
2016-08-17,725945.703034,1285334.251616038,68746.86309273227,678753.9452099572,1534347.305987572,679450.8213617161
2016-08-18,577350.5209386,1258760.1127334386,72110.41328687876,595365.181572685,854894.0775135251,596148.759864093
2016-08-19,678767.115815,1380881.564248259,56725.89405766514,637620.8095822759,1373961.3821245786,635914.6465085396
2016-08-20,828986.33584,1283726.9517522962,86530.69230701248,927635.457375599,891691.1741659562,925956.564240495
2016-08-21,901870.149939,1286820.6793818185,107200.19272926482,1035678.556888236,1320123.8818466496,1033933.6990372476
2016-08-22,714866.233843,1257383.867620951,66865.72598892429,704464.3485126038,1288166.0752297335,702422.1448263994
2016-08-23,660819.9779755,1252918.6367707325,67582.94918600161,688866.2597851322,1218993.744270798,686707.6464600697
2016-08-24,674613.0479498,1243636.7038822582,63202.77825107028,693171.1989157402,1548893.4637879054,690892.947603202
2016-08-25,554421.529139,1253490.5285847574,65910.96613784792,606009.3734970122,800225.2145372918,603598.8431319627
2016-08-26,646698.272887,1263644.0041993891,55974.76583483868,578077.994674099,1319152.5771648183,578478.3866498023
2016-08-27,791047.534486,1275106.9609793504,85302.69947601912,858040.57099897,841944.586755364,858474.8599261874
2016-08-28,858802.419759,1297373.4654962644,105446.41146803438,957159.0136847704,1273796.503784811,957728.7425800158
2016-08-29,671845.736816,1306716.291298341,64733.33547184625,617670.2170057482,1246418.0750233291,618589.7570884392
2016-08-30,624711.335056,1280142.1546289243,64655.39149797644,590683.1459800487,1207749.3532413486,591789.9172481212
2016-08-31,731430.1240452,1402263.6070470265,60402.14733555727,593354.3570514624,1525916.088122557,594627.8824929597
2016-09-01,718105.570925,1305108.9932013229,62751.63368547696,500829.2571124796,840621.268734706,502307.8848285464
2016-09-02,837129.587642,1308202.7208393002,60922.43269492072,672602.702909795,1352312.2724030274,716925.3217868954
2016-09-03,1057581.210918,1278765.90953562,90243.09440736823,957212.105873907,836039.3940351811,1005836.3412423772
2016-09-04,1109985.857533,1274300.6783551197,110377.0218171312,1062051.4664510104,1256501.562646194,1114927.8448024653
2016-09-05,813763.2950235,1265018.7443180047,69732.2811274527,730571.4999130259,1220668.0787569138,787722.1990956556
2016-09-06,751583.025072,1274872.5703340569,69845.01908209095,710564.6997384616,1146637.9554559456,771680.8082662874
2016-09-07,738543.916999,1285026.0464847982,65462.27780482382,716834.8113183527,1437657.659194633,782427.0825156876
2016-09-08,595849.2986095,1296489.0024636704,67873.28240527479,630932.9755880876,805059.341809247,699930.8185722061
2016-09-09,658969.026968,1318755.5069856024,51190.796362556255,611068.6717930816,1349431.740358048,626914.9592959764
2016-09-10,915938.559049,1328098.3330590257,79863.81869510558,890558.9863237563,866294.937286831,907880.7836157652
2016-09-11,1017369.2242663,1301524.1961935828,99337.526062517,991141.5662238402,1281730.009780581,1009931.0438316192
2016-09-12,678776.4591265,1423645.6479299515,58172.00930712767,655937.9240850525,1242735.9897422509,676248.6746364229
2016-09-13,603427.946974,1326491.0348638592,57665.56122602945,631504.4149401133,1186617.3734528385,653198.4707881093
2016-09-14,624262.071976,1329584.7628200243,52914.50782837247,634416.1190062639,1488673.911849726,657667.7438584972
2016-09-15,568324.812986,1300147.951040887,55297.57966362145,547952.2691850121,959450.6604590352,572407.4337396808
2016-09-16,691912.601466,1295682.7198633654,51772.09793945622,614325.5929921457,1522466.452671865,616011.7682292049
2016-09-17,899219.297508,1286400.785987298,80968.89717295341,894537.7281065339,1041124.1859888678,896411.0747196993
2016-09-18,1018662.657394,1296254.611887006,101255.96072107065,997628.699415225,1468302.8699592724,999634.1526327212
2016-09-19,681159.341976,1306408.0876331297,60639.399606161,664357.4983341208,1416296.3023679953,666290.6725405551
2016-09-20,650980.3219717001,1317871.0440747114,60797.24810532591,642590.0986350611,1361519.740650909,644587.9300633366
2016-09-21,666928.400013,1340137.5487854918,56444.78467530208,645309.4136851972,1642729.5046178915,647384.9054160258
2016-09-22,533276.332017,1349480.374576725,59544.50468893642,560105.5238673113,998305.8499254732,562220.7321210627
2016-09-23,663685.9846653,1322906.23771305,48798.96392155159,592060.5975842198,1546670.812099473,555242.6653351184
2016-09-24,861830.389997,1445027.6895450028,77857.71975220247,868154.8458735845,1066475.188828961,827744.9346510004
2016-09-25,952352.5509251,1347873.0764098584,98051.50974553208,966749.2052137988,1488383.491130126,922836.9581873504
2016-09-26,664217.4402937,1350966.8041258776,57323.98032901148,630217.0501891038,1428939.7501738465,583003.0604260418
2016-09-27,587908.3278165,1321529.9926213645,57336.13852575524,603517.3666025823,1368081.3866249786,553101.655579698
2016-09-28,631761.1750463,1317064.7615559269,52588.82261141678,599774.0339811278,1680343.9594240086,545706.426325115
2016-09-29,520744.9210333,1307782.8275123762,55439.63111380485,509777.14317706495,972005.6527856168,452995.3140865698
2016-09-30,703198.490806,1317636.6534131332,59435.57893090344,653364.9481335357,1489261.3283526786,689342.4813575221
2016-10-01,1175033.65823,1327790.1292159874,89292.66013821826,934685.8882341934,998084.8289786472,974147.7170019099
2016-10-02,1256480.1709663,1339253.0856165858,109892.0576977224,1036289.597749503,1432688.3997304426,1079159.1651101955
2016-10-03,833060.55889,1361519.5901848366,69238.11876950663,701902.3532241305,1382596.6986623183,748139.2752019682
2016-10-04,724113.096039,1370862.416139063,69484.1837958191,677108.6533383662,1371978.5681765806,726512.8434383742
2016-10-05,749712.3000211,1344288.2793419112,64744.81525350313,676071.8315385316,1652018.1532448565,729072.878810944
2016-10-06,581429.340158,1466409.7310744603,67120.156501054,582580.8500189158,971093.83688781,638283.6404083908
2016-10-07,797612.239327,1369255.1179399388,53979.8938879258,634861.9895723157,1576640.9363233626,637634.8682517865
2016-10-08,932551.706831,1372348.8456896283,83850.9891864739,914567.2279052404,1044495.3980718176,917639.1859986717
2016-10-09,1088251.479908,1342912.034160791,103821.05514848104,1013166.5651803232,1544207.40029492,1016516.5590657834
2016-10-10,725312.8469015,1338446.8030107603,62409.82072136739,673188.9075209573,1435066.9962616975,676748.3019013434
2016-10-11,625271.993952,1329164.8690639478,62093.92302580026,646181.2354060025,1374223.4621556452,649978.9604681077
2016-10-12,665126.077693,1339018.6950041875,56874.9144673194,641031.9538839178,1598856.1713031123,645106.931340225
2016-10-13,558859.8909975,1349172.1707480443,58735.44467927057,546267.3892521209,989224.174714996,550536.0822080385
2016-10-14,667954.207226,1360635.1271490124,54059.51045564946,618124.313359662,1517958.3691089211,618259.5565629547
2016-10-15,890613.591114,1382901.6317372469,84047.9539665192,899169.4783082909,1045084.9895676124,899269.0004826505
2016-10-16,1104504.6882152,1392244.4576770365,104265.2197950104,1002559.8359813904,1487215.8469704865,1002675.908535113
2016-10-17,710456.4240015,1365670.3208296774,63072.6815104235,665730.93879628,1404246.2581993125,665877.7402159863
2016-10-18,630638.592023,1487791.7726196423,62989.38763822153,642038.606484089,1338387.7037842409,642188.6148302538
2016-10-19,647823.468973,1390637.1595085538,58069.60837055437,642088.0419829602,1573835.7664485197,642270.8730136991
2016-10-20,583001.280078,1393730.8872232279,60353.5029938958,553092.6406795806,954296.5669786138,553287.6514046057
2016-10-21,669453.5420583,1364294.07569461,43847.37785954788,625205.0537531789,1483494.953034436,601406.5559650618
2016-10-22,843626.415914,1359828.8445564397,73091.79591966854,910602.0346140875,985552.795935336,884698.9660758505
2016-10-23,1022953.689959,1350546.910601059,92654.47131621964,1019674.4058535206,1439403.1842562011,991594.7229477029
2016-10-24,668507.6451983,1360400.7365115,51048.43337927282,688383.3961304092,1371816.054491148,657921.0601060541
2016-10-25,610590.8979547,1370554.2122894335,50391.92093936128,669630.9861572516,1319393.7855048827,637085.6699537687
2016-10-26,633413.8905697,1382017.1687043095,44812.551308975424,673308.4092270596,1851700.341157409,638432.8915175415
2016-10-27,544361.4798829,1404283.673271762,46663.74378429209,588762.765184758,1165429.8077824572,552064.5617396524
2016-10-28,638838.252231,1413626.4992116818,52877.76387939635,621286.7892250579,1730239.3324635336,672395.8630946907
2016-10-29,841074.6969995,1387052.3623713623,83077.39206884241,902993.3199888652,1326298.8294036286,958731.3144686446
2016-10-30,954838.191008,1509173.8141562415,104083.79918141868,1012811.550181648,1764124.6570923396,1073279.6109963488
2016-10-31,654923.5029715,1412019.2010274674,62839.65932873481,672186.2642609851,1642629.288519391,737558.0622350859
2016-11-01,811832.445984,1415112.9287623663,62794.17717597693,646262.9639927932,1583476.0486332644,716078.2927448519
2016-11-02,969033.618953,1385676.1172420029,59270.76072653152,654292.4570949939,2022670.1456277105,729231.1980558805
2016-11-03,793811.6841115,1381210.8860914982,61485.24533618997,561827.411116446,1285589.4336025724,640614.5586366076
2016-11-04,858468.216477,1371928.9521361948,59869.7667336945,784907.1030361006,1773080.8625231998,765056.9219541588
2016-11-05,887751.298669,1381782.7780508138,89757.93963973953,1070094.9028084888,1241217.3932392118,1048464.3859362579
2016-11-06,1140367.104134,1391936.253825729,111057.620245243,1189401.6674357192,1771644.8964593867,1166013.5052646208
2016-11-07,849451.0429045,1403399.2102301084,69692.36701108575,857884.7432607077,1672567.1826736345,832723.5432683114
2016-11-08,767439.628434,1425665.7148095644,69713.43739076288,837707.8552691917,1535204.6032987912,810900.5369094848
2016-11-09,790276.839009,1435008.5407543834,65630.57472708453,849097.8065711597,1940658.8582369245,820435.7902485068
2016-11-10,588241.7590247,1408434.4039067433,67690.07199074194,761634.641028761,1230223.9482778234,731557.1877951155
2016-11-11,713396.4541223,1530555.8556916686,64984.38563662883,792463.2583347893,1775446.9687092025,810790.2728302456
2016-11-12,1859605.543886,1433401.2425653741,95522.17836556723,1083585.801245768,2028143.4381717185,1103823.9819614189
2016-11-13,1188982.232398,1436494.9702984816,114691.05119330964,1175518.3672344491,1700712.5124374323,1197589.0384724897
2016-11-14,735723.172977,1407058.1587718884,72422.34158963745,831742.6906580657,1520341.163528593,855593.9249622775
2016-11-15,691801.6290437999,1402592.9276285078,71871.67180990038,803668.7762692496,1490864.3742480504,829206.5044171296
2016-11-16,830431.7415873,1393310.9936761125,67397.4147577857,807303.6757358027,1868222.9411587203,834778.7255683658
2016-11-17,615228.2560159,1403164.8195863864,68623.35270725487,713373.0998611383,1061707.4070321438,742295.8475830747
2016-11-18,738265.552222,1413318.2953613289,56872.600936752,673510.8445767283,1577699.6226689396,675468.5119201251
2016-11-19,935656.0010137,1424781.25176718,87279.15833530549,960627.8306176488,1163010.6903405343,962456.0404961703
2016-11-20,1125178.987911,1447047.7563455729,106552.37128116928,1051382.1158273292,1607240.2743921657,1053228.6003319677
2016-11-21,773762.280859,1456390.5822866943,64510.84928579471,707034.470013899,1551231.4993057824,709110.4413569617
2016-11-22,690281.251004,1429816.4454432824,64334.30050889945,681251.8888800328,1491538.6833019443,683386.6058261732
2016-11-23,753685.041456,1551937.8972299334,60581.92742610332,688690.617416355,1890886.25192966,690890.2866006431
2016-11-24,595457.3062203,1454783.2841010601,62503.58718484779,600294.7984969993,1126913.4878142285,602593.0938510576
2016-11-25,737819.484836,1457877.0118341837,54367.18978574081,658226.7143073648,1740109.845565239,658926.2446882579
2016-11-26,908066.823384,1428440.200308464,85847.36179328871,957244.750775208,1206213.5564273046,957831.19516202
2016-11-27,1056721.5920875,1423974.9691644525,106227.9088495145,1059776.915143131,1653049.655984522,1060349.9041128752
2016-11-28,752583.7680527,1414693.0352098625,65411.65674580444,729047.0286551092,1651742.5220786422,729811.7804283993
2016-11-29,645760.5082353,1424546.8611226461,66332.14369647043,712859.4052335233,1506283.6174099096,713669.1559382787
2016-11-30,767361.704324,1434700.3368986128,64508.659726944206,739452.9558860649,1827727.768153093,740310.7826294556
2016-12-01,843603.315088,1446163.2933029335,68090.2237260477,667076.8287205708,1209582.7487620015,668029.4859250207
2016-12-02,853454.930795,1468429.797881336,68803.88395417946,955030.0121665514,1754953.5527168307,926088.6111325527
2016-12-03,1113440.567059,1477772.623822976,101928.77702733836,1281965.6858002674,1288206.9436277484,1250483.9454390695
2016-12-04,1276195.0362097,1451198.4869791896,123621.24159183566,1409557.9632060516,1721132.1489449516,1375533.4010593346
2016-12-05,896824.938971,1573319.938764538,83910.64683346382,1100464.6024367383,1704821.768602815,1063924.6906275952
2016-12-06,932546.385931,1476165.3256371543,86013.6897110836,1106439.7156272333,1672588.573290924,1067542.1535923255
2016-12-07,867653.7351403,1479259.0533708858,84307.74179682332,1145744.055908639,2227635.8096164707,1104179.7112223052
2016-12-08,674077.382905,1449822.2418442576,88291.50319543076,1084895.0057220408,1312154.2453652218,1041319.1863538553
2016-12-09,774941.923982,1445357.010700252,72363.8939677226,857029.9643343015,1782298.2692301243,855481.1737007953
2016-12-10,920050.745917,1436075.0767459695,104418.71223650304,1156044.6575293364,1319492.652237298,1154415.3113333788
2016-12-11,1119324.243986,1445928.902658531,124890.98359559666,1255849.8577747145,1779936.3782101446,1254040.4664762279
2016-12-12,844251.703802,1456082.3784337244,83667.46316090765,916098.5948617936,1675649.9718947622,913903.5087445762
2016-12-13,747161.615593,1467545.3348389291,84058.8379308067,889371.1492145994,1640190.8778246096,886961.8770429568
2016-12-14,829763.2190675,1489811.8394176925,80361.62727896476,892889.4662307501,1950938.510272516,890113.2338366258
2016-12-15,747641.1828753001,1499154.6653587932,82148.98662748422,800221.9783064222,1302599.2406314602,797324.4842832673
2016-12-16,918899.786306,1472580.5285150101,101657.70107271308,1278273.180973682,1829205.3978429467,1251014.3092671034
2016-12-17,1071655.6282493,1594701.9803005413,134524.63795552542,1599927.9448145945,1376911.2858166937,1569447.9273056942
2016-12-18,1260471.90859,1497547.3671730259,155698.7493137394,1719679.2642432358,1834127.840770774,1686479.793888901
2016-12-19,1028242.8227987,1500641.0949062984,114719.86775245752,1393360.7662548595,1745449.5806335988,1357676.2962036536
2016-12-20,1080402.388032,1471204.283380195,113184.6262704077,1359152.1736947997,1733878.9951100857,1320988.096580752
2016-12-21,1181307.3270735,1466739.0522364033,112479.0128418561,1410668.042992756,2105236.075519928,1369643.0712958113
2016-12-22,2271698.782168,1457457.118281801,116181.04477424492,1351183.555963112,2240830.997766431,1308030.4543375885
2016-12-23,1282145.5171351,1467310.9441943644,119449.6259456785,1373703.839488177,1968550.4726111449,1375360.6489572166
2016-12-24,1246837.8430543,1477464.4199696663,138072.44236309687,1469629.0590644125,1407786.8002535142,1471420.014574481
2016-12-26,1032770.748898,1488927.3763747928,93618.7557000368,1107108.6472608135,1767648.0641804538,1108989.8930403576
2016-12-27,842475.490118,1511193.8809532837,88976.20699857117,1041984.8659210334,1806377.728832723,1043986.4566831384
2016-12-28,951533.7138481,1520536.7068946958,85284.37785422742,1060472.8225251918,2040209.4783292487,1062613.1616609483
2016-12-29,894108.236835,1493962.57005104,87344.66458934768,987287.0124036234,1632941.8827937106,989572.0201249172
2016-12-30,1163643.0379923,1616084.021836381,78373.77774575111,1014446.244015426,1692688.19206964,1016855.0545117459
2016-12-31,1109012.812049,1518929.4087088667,97685.46966276156,1043079.089139428,1668559.4831415173,1076374.0233219492
2017-01-01,12082.500997,1522023.1364422038,112913.76879594516,1099053.7308658515,598431.9588155163,1135961.1902914082
2017-01-02,1402306.370834,1492586.3249160538,71618.87017587473,759775.6320495132,1608749.4326530013,799432.0226137943
2017-01-03,1104377.0798245,1488121.0937721008,66504.74840591621,683523.8886936553,1689871.1970002088,726267.0109754322
2017-01-04,990093.463742,1478839.159817683,62954.12794917612,695242.6396532054,2006419.3643453887,741076.549348489
2017-01-05,777620.9540695,1488692.9857303216,65003.8270832756,613648.234198157,1242239.9541090871,662907.7490791783
2017-01-06,839600.237989,1498846.461505511,58530.55470682592,660829.366977641,1349032.4291990374,712732.9856744627
2017-01-07,1103806.298949,1510309.4179106383,88479.6026565952,971188.7631545844,1309543.2648096269,973889.6629477192
2017-01-08,1192543.750978,1532575.9224891672,105452.17387308704,1043687.284632915,1136261.9781597897,1046892.0197453966
2017-01-09,793724.8969065,1541918.748430552,65925.01147099707,720691.4266770892,1434689.9230286216,724223.1848215517
2017-01-10,742635.5692609,1515344.6115868,62758.06937481489,661664.3344421403,1585039.0905097823,665565.1601717785
2017-01-11,770742.690065,1637466.0633722509,61086.40533395242,690589.3708414498,1710691.4283520696,694859.3548769699
2017-01-12,629635.794004,1540311.450244781,64956.94197253954,625002.5495137249,1303278.4671508598,629700.3717406822
2017-01-13,768898.9443882,1543405.1779780514,60445.84971905242,688691.6804063355,1363603.233265109,693711.3905496534
2017-01-14,1021050.536226,1513968.3664519018,88938.91655302403,1071338.1515875435,1330053.0966634108,1071926.3838602738
2017-01-15,1175725.165838,1509503.1353079714,107478.47070066669,1165343.886255053,1153254.4675318133,1166165.2071524698
2017-01-16,824488.666175,1500221.2013535374,69093.49861757086,861498.9514771348,1449688.44268879,862019.9039157582
2017-01-17,750836.542952,1510075.0272661191,67038.92538300868,819376.171918667,1595349.960749579,819960.7154491632
2017-01-18,782656.0246723,1520228.5030413736,66117.27270409164,861280.8074672436,1792597.7817133628,862061.4474235427
2017-01-19,606949.7448793,1531691.4594465273,70542.29754908782,809786.3467459314,1312323.4391664234,810618.307963717
2017-01-20,725703.6910875,1553957.9640250169,66335.72937506373,882835.5686889354,1321994.403149951,883902.4494041654
2017-01-21,1072721.724905,1563300.7899664016,97000.42991462996,1105850.2007369744,1305960.1532007472,1092514.0667428134
2017-01-22,1148214.358454,1536726.653122663,115546.0394956799,1196621.3605244623,1139139.6136558666,1181664.6538554078
2017-01-23,798133.612125,1658848.104908104,77069.66314163724,886623.0849998916,1421107.7249495862,870509.0220952748
2017-01-24,721275.774781,1561693.491780601,74558.73936714136,837447.250573636,1591205.13557349,820027.1133176964
2017-01-25,744342.5929227,1564787.21951391,73067.74787447843,871567.4400895947,1781468.5299335555,852940.7452373987
2017-01-26,576515.5369877,1535350.4079877757,76518.52978541213,808861.8230298746,1197752.999643461,788813.678410996
2017-01-27,722113.958837,1530885.176843822,71577.70549336009,873985.5310355867,1228184.4858006027,852939.8994314552
2017-01-28,977850.40585,1521603.242889388,95677.74203506744,1113951.6432516675,1202834.2041618018,1095868.7988693165
2017-01-29,1075166.993043,1531457.068801978,113068.78364213085,1197951.9900107486,1033958.2337291008,1178337.386923969
2017-01-30,698123.768037,1541610.5445772265,72953.8417971282,880851.2721051958,1315140.4812558517,858092.8194092215
2017-01-31,778222.285925,1553073.50098236,69620.66414642899,830390.9698994702,1519596.4996837855,805660.7757439761
2017-02-01,961777.382874,1575340.0055608726,67262.15396397027,863341.1789980343,1662564.1932959347,837041.9456944547
2017-02-02,748882.732615,1584682.8315022667,69539.96625759907,797753.9532119203,1223489.0428394433,769318.2057493975
2017-02-03,834667.1519293,1558108.694658514,63488.38307062989,859366.9300769483,1257646.412568234,829722.6200514657
2017-02-04,1132788.541413,1680230.1464439554,90511.06697347906,1063184.4410325307,1205397.8918072926,1062701.0304451876
2017-02-05,1151987.631095,1583075.5333164567,107702.8625887523,1146729.426382131,1023712.9501468178,1146217.6027532583
2017-02-06,786672.394181,1586169.2610497621,66367.21997214954,817385.0228582202,1337922.7294292664,817184.6024281437
2017-02-07,739431.213302,1556732.4495236166,62450.11994676598,760081.9622172909,1490365.766470687,759971.7860278937
2017-02-08,783605.377185,1552267.2183796759,59765.11083564983,790866.3291936571,1815966.57360893,790787.6503935489
2017-02-09,624387.487899,1542985.284425248,61837.73419668122,723338.3471494087,1184386.9203322337,723346.2523539467
2017-02-10,752207.2398545,1552839.1103378292,55942.05368162248,785651.1107175492,1203619.0406096615,785671.2984954176
2017-02-11,944924.65301,1562992.586113078,89662.31301308476,992636.5829124076,1182870.9672224475,1023498.6096757915
2017-02-12,1074820.900014,1574455.5425182143,107989.09315941,1079470.7848985624,1012576.6521440628,1113294.613919218
2017-02-13,794314.4320675,1596722.0470967249,67595.3625706202,751753.8815397565,1329262.8483213575,788540.4945656834
2017-02-14,642613.187069,1606064.8730381117,64720.86666118826,695875.895121806,1472798.6521077636,735515.2751202066
2017-02-15,745780.355084,1579490.7361943675,63455.80691960723,732764.7742823483,1713914.9448638333,775166.1587580671
2017-02-16,645968.2570671,1701612.187979812,66833.06904869112,669327.1620632589,1233171.7588651313,714895.4620641586
2017-02-17,758855.71279,1604457.5748523085,62213.87177519114,737171.8857249236,1261324.336747266,785145.9683732957
2017-02-18,1063394.844003,1607551.302585614,96577.05141045414,1057484.9349102066,1217364.9281854252,1037636.6557316612
2017-02-19,858897.1230135,1578114.49105947,115717.54070140126,1148145.131193605,1030316.8819955544,1126452.3030436814
2017-02-20,759120.0599607,1573649.2599155284,76788.17010045875,832854.7066322536,1354377.5316249237,809346.1633419513
2017-02-21,717807.6770255,1564367.3259610957,74937.78966548061,784812.2679266119,1514576.4952351442,759548.994558839
2017-02-22,739388.0344027,1574221.1518736822,74616.64494852003,827584.3384231783,1655367.8651835755,800650.5622506657
2017-02-23,675578.500156,1584374.6276489329,78782.59935907293,769953.7191628511,1246619.126729216,741106.8447758334
2017-02-24,816197.498952,1595837.5840540663,74785.37172602606,841320.3786593468,1290351.6285576904,811055.90913013
2017-02-25,1026011.2228075,1618104.0886325766,98628.61648099308,1144805.0813199603,1248761.945393921,1144704.6707872807
2017-02-26,775708.987978,1627446.9145739647,116453.94185451516,1230260.0845229882,1039199.4205482044,1230049.1349202204
2017-02-27,744956.948138,1600872.7777302198,77088.85300665669,918913.9307008984,1439407.559345803,919068.6570000047
2017-02-28,949366.8290505,1722994.2295156615,74460.86820232085,869751.2022115482,1620916.6360282074,870021.653348878
2017-03-01,1008521.709962,1625839.6163881612,73255.38118011096,911084.8539317738,1792468.0428307997,911493.1139121307
2017-03-02,836225.179072,1628933.3441214676,76309.34220996403,851995.4792411432,1360421.0692652103,852499.2392927737
2017-03-03,882639.776274,1599496.5325953218,70859.11009510534,917702.8593308178,1356980.5107414955,918350.5484446054
2017-03-04,1125736.3470592,1595031.3014513801,102950.39693079672,1154506.9847495644,1288445.9246359523,1144046.876495289
2017-03-05,1196983.690104,1585749.3674969482,119910.70285368752,1232720.2856877968,1103106.1608288705,1221254.230056357
2017-03-06,790143.2410905,1595603.1934095342,79336.15381566239,912764.7400400232,1366158.119108172,900670.0448936097
2017-03-07,761866.729975,1605756.6691847835,75933.13947330698,857816.420777202,1529761.682181074,844925.1728088411
2017-03-08,781046.6619577,1617219.6255899186,73755.46159635526,892016.9636002281,1670469.785261392,878276.6004810844
2017-03-09,653901.1919827,1639486.1301684296,75532.83176734045,825256.1636429352,1213546.649947843,810658.0124357936
2017-03-10,773855.30685,1648828.9561098167,69468.05105181542,887194.2549206284,1265174.8574565528,871870.9355630465
2017-03-11,1001174.4340065,1622254.8192660718,94812.26685669532,1016996.8520020834,1197092.0018316545,1056738.7365953648
2017-03-12,1146006.826973,1744376.271051514,111007.2937316503,1083133.9527819671,1026872.680418936,1126764.9341744038
2017-03-13,754390.380036,1647221.6579240132,69664.74658000069,749411.2246603732,1333349.101921182,796714.300066731
2017-03-14,700998.0346447,1650315.3856573189,65563.50989202387,683143.5456466664,1500364.4152317485,734082.4078247054
2017-03-15,815621.887369,1620878.574131174,63189.19554349489,709703.7318577821,1643219.3670158463,764140.4490692331
2017-03-16,699108.166824,1616413.3429872328,64997.72775411185,636449.6029405649,1229521.689128551,694822.7979289579
2017-03-17,812306.77427,1607131.4090328002,59097.138061270096,694692.4859946708,1321016.4603522415,756071.2481696332
2017-03-18,1038906.566154,1616985.2349453862,89117.883361621,1042560.96234079,1257575.4917633375,1027935.8333405773
2017-03-19,1157140.638587,1627138.7107206357,106115.68770730414,1121000.9039621686,1082154.3610378015,1105182.328422859
2017-03-20,826428.90991,1638601.6671257706,65514.32874999063,797250.1580077303,1400890.8069660629,780323.5733704641
2017-03-21,746620.926177,1660868.1717042811,62423.0487838603,743385.0684867448,1581773.1812012452,725319.8002083526
2017-03-22,767880.804934,1670210.9976456687,61268.70696450421,781900.9981182409,1681822.5423820456,762587.194499138
2017-03-23,670848.010029,1643636.860801924,64786.94797465496,724584.8334005114,1196691.0180853584,704059.7621388217
2017-03-24,787914.125515,1765758.312587366,60255.68831126319,797163.9118796875,1266829.665177462,775529.1504593517
2017-03-25,1038139.316887,1668603.6994598652,99582.10981454136,1043253.2068752376,1252964.846709638,1050801.8245594641
2017-03-26,1101557.476706,1671697.4271931709,118786.74158690212,1128695.272932146,1079269.931345451,1136909.2083358231
2017-03-27,784103.265042,1642260.615667026,80117.92104624449,808397.0110240278,1380628.7565303857,817167.2441497312
2017-03-28,702943.9485770001,1637795.3845230844,79174.08034047722,759625.5882180708,1555324.4695180352,769086.8927931116
2017-03-29,824632.985033,1628513.4505686525,80127.46599628282,805067.5545812839,1736292.6566178463,815288.9579790054
2017-03-30,637624.340998,1638367.2764812384,85454.09284347852,748027.5178460957,1310876.228549522,758878.2846698144
2017-03-31,878750.03788,1648520.7522564875,83006.88509214895,829560.2289397611,1306093.0817740993,841195.3963806892
2017-04-01,1463083.962459,1659983.7086616228,127192.32529555396,1198062.1253175305,1249977.2726759398,1224835.5051858476
2017-04-02,1138650.058898,1682250.2132401331,148129.2750164123,1290357.5688740625,991677.1293858206,1319703.6266961023
2017-04-03,835191.622029,1691593.0391815207,112013.8848314594,987365.5819042828,1301037.4112480634,1019438.0198551399
2017-04-04,835602.6360017,1665018.902337776,113165.88885343376,953067.4106559836,1477652.8024455146,987656.2955047365
2017-04-05,846631.307907,1787140.3541232182,115864.65287097589,1010299.9606763716,1623033.109869397,1047262.0056080185
2017-04-06,683059.570103,1689985.7409957172,122670.51442189656,963296.8885101456,1193873.693982146,1003016.1819618703
2017-04-07,765502.211925,1693079.468729023,121060.24694948892,1050374.924322956,1219962.7513371783,1092103.4425946523
2017-04-08,988591.469958,1663642.657202878,131221.96285522048,1309115.568855206,1190174.8785972176,1276870.6387519003
2017-04-09,1101713.657101,1659177.4260589366,149879.2468031508,1398536.119231259,1011673.8284363928,1363183.70399349
2017-04-10,739392.130988,1649895.4921045045,111427.6893156288,1090526.5478555246,1300865.0191893417,1052196.5300882827
2017-04-11,741331.430196,1659749.3180170904,110332.36607018534,1050450.2000066144,1492091.546940359,1009214.713098783
2017-04-12,791762.312883,1669902.7937923395,110243.0618209004,1100987.8029776886,1842307.259455157,1056976.4570394102
2017-04-13,737029.565183,1681365.7501974748,113086.05784683558,1043268.258355808,1427623.6899278108,996093.7154507656
2017-04-14,1481778.973658,1703632.2547759851,110119.58449965868,1133323.9998160868,2309129.006500975,1083790.218728473
2017-04-15,898610.217928,1712975.0807173727,83814.25736688644,1020090.3586850668,1358824.621146632,969511.0923897107
2017-04-16,985493.795113,1686400.943873628,96025.3710393108,1074143.7858296386,1189000.2584223072,1018570.1469780277
2017-04-17,775916.9059055,1808522.3956590702,51461.765321168175,733035.5418976452,1491757.8735769778,672693.6512587873
2017-04-18,717196.315762,1711367.7825315692,44942.01168639583,669437.4316793933,1620581.438674523,604429.669174865
2017-04-19,735733.2142477001,1714461.510264875,39942.68978055517,697797.5482048318,1872341.9198575008,628319.2830444865
2017-04-20,675804.0219027,1685024.69873873,38747.62802990174,622718.0249924904,1431337.7467391011,548168.7300702697
2017-04-21,795795.893872,1680559.4675947886,31636.26632260909,693328.2596865697,1606716.183609181,614978.2495586793
2017-04-22,974952.817869,1671277.5336403565,114934.76886828024,984482.199065137,1494049.5076163737,996688.3672024936
2017-04-23,1140070.2748035,1681131.3595529424,131333.91088987415,1042624.490237989,1341992.7562517235,1056008.147717203
2017-04-24,755072.530945,1691284.8353281915,90144.3127796592,702014.8142414045,1630297.123672356,716575.3465622793
2017-04-25,718996.080637,1702747.7917333269,87140.49594694853,637993.5034044957,1786598.2469099693,653673.8349057885
2017-04-26,781159.2829995,1725014.2963118372,85776.17539031603,668527.676670592,1960235.1684897048,685278.555590885
2017-04-27,624910.0260955,1734357.1222532247,82262.78339097294,565068.2948833526,1511223.319755298,583021.1907353549
2017-04-28,797636.6251025,1707782.98540948,83861.3231019621,659588.7404834105,1585391.0750801817,678458.1435876882
2017-04-29,1068279.815941,1829904.4371949222,133944.58683653572,1118568.6322644115,1533161.924888825,1126182.5665292223
2017-04-30,1041249.2479705,1732749.8240674213,147747.54565998566,1155468.4779583754,1340839.8814133964,1164003.4921814627
2017-05-01,1306699.366897,1735843.551800727,110976.65604749028,858427.0249440151,1708788.0646751097,867038.526823574
2017-05-02,907324.094113,1706406.740274582,106835.01775828128,796218.1413451738,1756806.8921257325,805390.4821752765
2017-05-03,924247.257204,1701941.5091306407,105692.09990669713,831448.747453305,1969172.0709032705,841291.1659657254
2017-05-04,716654.608983,1692659.5751762083,102024.21144065751,734267.2834679519,1386670.1498414157,744687.047382792
2017-05-05,780798.407016,1702513.4010887945,102887.04186512268,828377.9318373144,1431860.5356393857,839433.7028489917
2017-05-06,1039417.861868,1712666.8768640435,117200.50178703525,1047237.1611157152,1367598.3419758102,1066155.18254733
2017-05-07,1227380.607924,1724129.8332691789,130690.56578580716,1093434.0248387652,1206147.2583244997,1114142.3336499857
2017-05-08,776307.495015,1746396.3378476892,92889.51947420658,799899.7557386074,1485596.2502439711,822343.4476532767
2017-05-09,715811.198881,1755739.1637890767,87146.59069261266,734106.6075935563,1651258.6820541103,758235.3154669988
2017-05-10,766101.907094,1729165.026945332,85202.89407777769,766162.4391494351,1925354.2932867748,791907.7474088154
2017-05-11,648650.413039,1851286.4787307743,80142.11470881029,666671.9856528095,1439281.994517445,694209.4828653545
2017-05-12,764812.415784,1754131.8656032733,80051.1929962896,758556.5672039711,1534986.4582393202,787489.361748063
2017-05-13,1116976.891153,1757225.593336579,121779.11939045571,1030460.3884764392,1527291.7595939797,1055683.542581799
2017-05-14,884199.9138385,1727788.781810434,135047.17664714553,1065676.4256795363,1327042.8069247934,1093292.0879003552
2017-05-15,823035.572122,1723323.5506664927,98443.506683008,773813.075147904,1572322.550599903,803681.8779353322
2017-05-16,807803.8950783,1714041.6167120603,93643.71071874395,706578.6617624039,1733092.840709648,738695.9582860948
2017-05-17,841407.607944,1723895.4426246465,92773.0608381356,737017.333446732,1832308.7046913367,771368.3625403617
2017-05-18,628487.989962,1734048.9183998955,86613.55311202734,623298.2527394694,1409122.1878330251,660101.014885414
2017-05-19,773775.4378677,1745511.8748050309,89623.18857568625,728007.8676475702,1412883.2256583911,766753.1551329568
2017-05-20,1035667.381833,1767778.3793835414,109946.86236879976,997882.2927053632,1385812.0739466697,991493.1592188161
2017-05-21,1201938.886229,1777121.2053249287,122199.77040097683,1030774.7188075637,1225834.507265116,1023678.4404424514
2017-05-22,778935.156126,1750547.068481184,84632.47433919442,735019.1681149065,1502774.3885405592,727232.2851756449
2017-05-23,723151.767982,1872668.5202666263,79129.99733905919,667472.2239685626,1652936.9939586015,659017.0745011363
2017-05-24,746303.6271255,1775513.9071391253,77924.94117142666,698097.8388455648,2010527.4840677609,689001.88681318
2017-05-25,620108.24391,1778607.634872431,71095.43596204664,584801.0924110775,1356625.7277505472,574970.1256928911
2017-05-26,984511.1521135,1749170.823346286,74698.52421841191,696966.6262989881,1520014.082596184,686589.7916204912
2017-05-27,932219.893144,1744705.5922023447,112728.40333198349,1080131.9530763293,1378043.8220430692,1028088.0208746883
2017-05-28,1061771.636907,1735423.6582479123,126404.03086670308,1132010.8763430328,1221887.8127411923,1074806.4836282106
2017-05-29,776813.137038,1745277.4841604985,90052.91050605521,854558.2719098744,1509672.1329747117,792573.2282591861
2017-05-30,742471.2769905,1755430.9599357476,85442.92965035877,802587.6805438816,1659270.758854978,735835.0234177372
2017-05-31,858062.149411,1766893.916340883,86596.08146797986,859311.1119649612,1776988.4285516692,787953.7542260506
2017-06-01,766859.172845,1789160.4209193934,81756.37028229385,772418.7715694066,1036244.2234367745,695857.0925854663
2017-06-02,918421.319125,1798503.2468607808,86506.26283524698,901870.9044043968,1306251.2627067785,821375.183996637
2017-06-03,1176138.109152,1771929.110017036,133113.1228897798,1192223.0269703274,1318513.4365554338,1203777.375641633
2017-06-04,1376511.520495,1894050.5618024783,149615.8338581603,1260370.8293173169,1158820.872309524,1272917.6917216426
2017-06-05,912693.8511,1796895.9486749773,115512.5901857518,994655.1657908967,1448806.1402642871,1008835.737726394
2017-06-06,805546.647956,1799989.676408283,113166.49088281518,954231.768264122,1614615.563269409,969623.9124011726
2017-06-07,842979.8370823,1770552.864882138,116587.60128686056,1021844.6673098349,1782301.2805487835,1038336.1717797008
2017-06-08,667099.801025,1766087.6337381967,112971.32577793156,941091.8739776748,1428885.4751630372,958865.6791828079
2017-06-09,795116.1360699,1756805.6997837643,120014.7707646005,1079317.9935171132,1434123.7760096383,1098018.8664052486
2017-06-10,993732.684049,1766659.5256963505,128766.782061877,1225352.643076901,1457860.4666538131,1193766.3168616337
2017-06-11,1213673.946877,1776813.0014715996,144254.3455894094,1290164.5641704008,1309100.0810454937,1255608.95906986
2017-06-12,768349.7589517,1788275.957876735,107992.8726539206,1014653.6567937016,1568016.323892351,976911.0189108201
2017-06-13,729412.959849,1810542.4624552454,104332.45219951028,966611.5503906872,1722417.1888442785,925951.2451819427
2017-06-14,785885.9088963,1819885.288396633,106160.05121756622,1024197.1443913672,1929901.824741803,980828.1366034914
2017-06-15,660338.346974,1793311.151552888,100457.45371046515,931347.872063348,1405968.1821398702,884802.9827722609
2017-06-16,834786.4275550001,1915432.6033383303,105963.71167713348,1059768.910346211,1445544.0862094504,1010940.4759375217
2017-06-17,1096133.5508865,1818277.9902108293,105448.02193767384,961068.2432457944,1452068.2093922996,969869.1347347697
2017-06-18,965144.121179,1821371.7179441352,117497.8519147752,989246.9495504274,1266789.7117861437,998906.0949412243
2017-06-19,791146.393731,1791934.9064179906,77948.8535345332,675825.2073497883,1551680.7153334124,686402.6752898903
2017-06-20,787326.7170395,1787469.675274049,71057.76077331725,593046.4559397276,1728138.9989914952,604465.1367794357
2017-06-21,766159.0112892,1778187.7413196168,70008.25705790006,615771.2756585471,1992488.33347076,627986.2287952984
2017-06-22,609868.8309586,1788041.5672322027,60482.6168622491,482509.52308479184,1496910.8429392278,495613.9301220982
2017-06-23,761049.7450639,1798195.043007452,62890.78968448113,581605.3846035891,1615203.0387776152,595385.4936047758
2017-06-24,963268.227135,1809657.999412587,121536.26691386072,1054575.8842305837,1496931.0070604545,1074605.8729032238
2017-06-25,3277832.575842,1831924.5039910974,141934.66922039556,1162195.8588432872,2829544.7363953274,1184127.280559727
2017-06-26,755367.8450665,1841267.329932485,97170.05502937088,807638.7905675956,1581651.8691855972,831341.6652806967
2017-06-27,682218.468913,1814693.19308874,90982.11723807945,728607.1498606326,1732802.7227929058,754053.2185072224
2017-06-28,731896.9850105,1936814.6448741823,90263.9455291496,755455.7946172213,1941021.3997197472,782553.617370072
2017-06-29,630811.802872,1839660.0317466813,81042.78716226216,627716.346272678,1587494.4167266968,656816.0985869679
2017-06-30,802273.1392327,1842753.7594799872,83881.44460834797,733092.1633936957,1576210.4549335688,763558.7539325332
2017-07-01,1207529.921868,1813316.9479538423,140558.42655602636,1184365.9643780752,1530328.9982609174,1191099.5034011588
2017-07-02,1296379.2175535,1808851.716809901,160865.04441371234,1290008.169128249,1354135.969676984,1297335.2465505425
2017-07-03,1850286.817632,1799569.7828554683,122484.68938807718,993803.85956811,2379597.3159196093,1001779.1388654106
2017-07-04,832359.2860137,1809423.6087680545,117646.135426125,918503.339815744,1824357.2501296888,927070.2359777221
2017-07-05,844301.613116,1819577.0845433038,119526.67885704646,966377.581444522,2098332.427514676,975503.6538853826
2017-07-06,700272.0099567,1831040.0409484387,113757.38383630892,865881.768011364,1576474.0064411666,875645.8293224176
2017-07-07,805792.302193,1853306.5455269492,118686.10508435564,988051.2749712009,1596880.8960986023,998301.6558433583
2017-07-08,998347.1930085,1862649.3714683368,125799.28864602029,1058956.3660725243,1559773.5925651514,1051834.1458577095
2017-07-09,1100833.322376,1836075.234624592,145282.1592669591,1163213.8187372098,1381708.433259376,1155300.1589935392
2017-07-10,804158.8610365,1958196.686410034,105967.79240604324,864081.7650521131,1656766.7886517034,855229.8586277587
2017-07-11,730534.767701,1861042.073282533,100606.483580283,786855.8237276566,1802460.9990898927,777177.3077915072
2017-07-12,748799.9959087,1864135.801015839,101816.22883850736,833172.0084204546,1948020.9215463784,822724.2249992287
2017-07-13,629651.3629294999,1834698.9894896941,95126.03621523376,729184.035916278,1416513.4868295544,717836.1204820686
2017-07-14,765489.6173932999,1830233.7583457525,99561.640120801,850417.0480394304,1461927.7920628798,838420.0887349369
2017-07-15,969077.125075,1820951.8243913203,106393.3589358452,952094.4503610012,1429464.7523695624,961683.4673643063
2017-07-16,1100803.699023,1830805.6503039063,124592.70134504244,1050738.038810881,1241481.2549309914,1061291.7058630898
2017-07-17,818325.522149,1840959.1260791556,83563.10381475647,742671.1766540725,1536902.988637227,754202.7284452261
2017-07-18,730133.70894,1852422.0824842905,76500.86568770678,656556.4241601905,1673757.5700448574,669012.9848032355
2017-07-19,767978.778078,1874688.587062801,76296.73073308083,693563.7411442284,1836633.640599672,706887.439343786
2017-07-20,688288.067857,1884031.4130041886,67885.41187130798,579765.1170029626,1444026.9505749736,594094.138487025
2017-07-21,782418.2992188,1857457.2761604437,70889.31552939423,690672.1761389562,1427976.7315144422,705730.0468065131
2017-07-22,932902.046681,1979578.7279458859,111455.26279664818,963503.1123248478,1379224.4574043378,963909.5478484809
2017-07-23,1024288.741245,1882424.1148183849,129232.03708724058,1050842.674117596,1260505.367391615,1051332.7700848668
2017-07-24,816564.327096,1885517.8425516908,90832.59130631252,761864.8393232031,1568179.0574662115,762477.6445252544
2017-07-25,713581.632609,1856081.0310255461,84524.96320140404,678563.663041505,1694282.132301027,679274.8953374281
2017-07-26,740653.044167,1851615.7998816043,85448.78383833368,718667.9021091613,1862432.697538808,719470.5609607694
2017-07-27,659849.8270588,1842333.8659271721,77824.42681079856,609031.850818735,1293874.1163667913,609934.0156544491
2017-07-28,835099.6822035,1852187.691839758,82263.6639382671,724738.4269072448,1338076.2744116834,725718.5842646454
2017-07-29,1032310.865737,1862341.1676150071,133001.87761602792,1092672.025144116,1317121.0921539224,1097186.6060994547
2017-07-30,1123752.4779517,1873804.1240201422,151901.26232290786,1188722.5110681886,1153709.9987613736,1193743.239865328
2017-07-31,885856.8408705,1896070.6285986528,114473.5784152481,905574.2927170192,1452967.8036582856,911184.545943486
2017-08-01,988527.763204,1905413.4545400403,109866.8404079508,834744.9086173463,1566922.8352922574,840863.676843964
2017-08-02,964712.016051,1878839.3176962954,111758.27695606917,882432.7457717833,1743469.2474918074,888954.9348109395
2017-08-03,728068.485132,2000960.7694817376,105310.52372673734,782478.1674233075,1288608.10935699,789604.7739701901
2017-08-04,827775.686128,1903806.1563542366,110643.88649612728,905011.070958142,1359234.2683688805,912413.7783864345
2017-08-05,965693.650492,1906899.8840875425,132699.88689266428,1080066.7509707345,1360345.440531003,1064697.5892220468
2017-08-06,1049559.164277,1877463.0725613977,151507.98810475998,1178555.121373862,1122560.193417373,1161424.2039058297
2017-08-07,797464.963817,1872997.841417456,113924.19069101888,896153.3698085475,1434264.6780188344,877737.4566568666
2017-08-08,717766.3491055,1863715.9074630241,109342.04631195992,828070.9715541098,1595766.6117363053,808197.6679020729
2017-08-09,734139.67401,1873569.7333756099,111292.72793445949,878878.3782712151,1723955.1934550423,857592.3128840032
2017-08-10,651386.9119697,1883723.2091508592,104819.65548089084,782441.2063146268,1357729.1487912026,759504.6470442216
2017-08-11,826373.722022,1895186.165555994,110892.03168756652,910684.1865874116,1425332.3034629475,886566.0534983116
2017-08-12,792630.5350785,1917452.6701345046,68685.51815839659,603843.9265163055,1283639.3655643105,607862.8566107277
2017-08-13,865639.677471,1926795.4960758921,83734.63171459503,676922.5552467741,1114463.747901333,681327.2977573549
2017-08-14,760922.4060808,1900221.3592321472,42417.900431566304,369397.54751681414,1433184.784600241,374244.1953337228
2017-08-15,762661.935939,2022342.8110175894,34582.80575359496,279708.49786388205,1663146.754792475,284953.95994100306
2017-08-16,0.0,1925188.1978900884,32016.442441441606,296313.8452551973,2508645.944138072,301946.3976522942
2017-08-17,0.0,1928281.9256233945,22811.113713620987,182052.60285334883,1280291.9694330522,188107.3668910651
2017-08-18,0.0,1898845.1140972495,26534.851125269364,293377.08663190773,1344544.05149726,299779.55207938375
2017-08-19,0.0,1894379.8829533078,4143.481041188828,115987.9616657293,1302799.9052904746,97139.69452829687
2017-08-20,0.0,1885097.9489988757,17969.106303947,183701.9598678538,1129730.4783122186,162959.55351994612
2017-08-21,0.0,1894951.7749114616,-23226.007606802363,-122423.72927070087,1439154.7085139232,-145043.95868671522
2017-08-22,0.0,1905105.250686711,-31401.02367029094,-212376.67809121375,1586361.1827963716,-236796.89728219877
2017-08-23,0.0,1916568.2070918458,-34096.867174409075,-196367.9722052504,1752628.0194439874,-222499.10254235237
2017-08-24,0.0,1938834.7116703563,-43367.989368053735,-308732.37446964893,1385182.819252635,-336832.3095588428
2017-08-25,0.0,1948177.537611744,-39636.74888022531,-198081.0095518054,1361238.281828281,-227631.35253638483
2017-08-26,0.0,1921603.400767999,-32107.132774220576,-203662.04451905208,1332033.2053200742,-186977.13233224454
2017-08-27,0.0,2043724.8525534412,-7109.914028150623,-7396.193697906332,1177121.171842925,10937.641702875342
2017-08-28,0.0,1946570.2394259402,8857.511900516238,72362.28764808254,1465392.9908915672,92298.7655887193
2017-08-29,0.0,1949663.967159246,-29628.338964691327,-218350.24500163493,1623522.0550919822,-196775.08418493197
2017-08-30,0.0,1920227.1556331012,-35776.544094199286,-297352.28760258976,2030423.4052714868,-274260.71978451376
2017-08-31,0.0,1915761.9244891596,-36970.21060701042,-276012.31163111853,1486858.9948894798,-251210.95596900862
