date,sales,cluster,Test_Forecast,Test Forecast,test_Forecast_prophet_online
2016-01-01,16433.394,Cluster 4,192420.9378734764,179885.4103148757,133212.538224117
2016-01-02,204280.15498,Cluster 4,179026.1275930901,178370.3426444075,166935.21279916842
2016-01-03,192869.50798,Cluster 4,165867.97132045735,193086.02106908933,155972.5430093159
2016-01-04,177586.230992,Cluster 4,167629.85084323236,192127.25417645957,134063.89268022185
2016-01-05,164227.97702,Cluster 4,174765.2035114927,182188.3428312206,132715.95544519552
2016-01-06,146636.865981,Cluster 4,182720.61403788996,211527.38920331595,117717.9155091695
2016-01-07,128990.8420243,Cluster 4,186590.4885810713,179034.9015494807,114241.50698085234
2016-01-08,130147.8899587,Cluster 4,175986.5395498852,168182.78949794197,107515.99772771844
2016-01-09,171118.38302,Cluster 4,171409.90079024236,167862.50206424578,143551.2685644248
2016-01-10,173950.34903,Cluster 4,166948.14622039886,183173.06973460192,134591.2502046137
2016-01-11,139265.197971,Cluster 4,167448.98460250293,183172.2735893133,114791.71978938484
2016-01-12,138040.98609,Cluster 4,169747.77944508914,174365.336131655,115780.61262497708
2016-01-13,119234.779991,Cluster 4,172333.22446135935,203580.9663670151,102734.3207687269
2016-01-14,115439.354027,Cluster 4,173578.81379081856,172732.82543066645,101436.34853615134
2016-01-15,127061.425029,Cluster 4,170045.47456163855,162811.69390523396,120014.17850452878
2016-01-16,169848.416042,Cluster 4,168512.29117141306,163047.1036083488,159576.72458577622
2016-01-17,170542.612095,Cluster 4,167021.96024635996,178392.2340590805,153818.79577430326
2016-01-18,138783.014993,Cluster 4,167176.76346511397,178832.98717879015,136728.14641044362
2016-01-19,130634.34503,Cluster 4,167929.00834459992,170685.62399539212,140171.7348148483
2016-01-20,132435.0689933,Cluster 4,168778.11039441664,199387.11495388413,129572.94585860062
2016-01-21,111477.86107,Cluster 4,169185.55130391734,169779.6735701498,129467.34086480038
2016-01-22,121336.095035,Cluster 4,168013.39018736375,160442.91510607168,128261.32790764484
2016-01-23,168266.908891,Cluster 4,167503.6878278888,160930.7658980001,168184.46578088135
2016-01-24,157708.64503,Cluster 4,167008.80302452503,176051.65898673638,162190.92688921143
2016-01-25,129909.571003,Cluster 4,167058.56839520048,176689.02763429505,144543.95939564053
2016-01-26,128039.703965,Cluster 4,167306.31320031444,168973.18271540134,147335.68006626557
2016-01-27,120386.385972,Cluster 4,167586.36635098103,196988.49363073256,135420.71013888498
2016-01-28,109643.3059082,Cluster 4,167720.53191790346,168416.28914404413,134007.95881934502
2016-01-29,126066.398993,Cluster 4,167332.35729547977,159495.003373852,143469.7914654437
2016-01-30,176700.077987,Cluster 4,167163.42087308908,160091.57101006177,182761.7567705104
2016-01-31,169394.387139,Cluster 4,166999.4709516455,174872.45312003972,175625.73637262874
2016-02-01,171377.7089938,Cluster 4,167015.74126072862,175590.46802583418,157795.569821371
2016-02-02,158747.81699,Cluster 4,167097.54595777657,168194.27471078752,159757.30860617108
2016-02-03,149329.850005,Cluster 4,167190.07327878798,195454.8499901211,147272.11965691618
2016-02-04,137908.179974,Cluster 4,167234.37157088288,167806.98036773418,144911.4461920665
2016-02-05,165507.194974,Cluster 4,167105.91318873985,159216.8170959571,134191.91595230348
2016-02-06,209298.81803,Cluster 4,167049.98828311666,159854.15632441486,171610.62170229715
2016-02-07,145983.56497,Cluster 4,166995.7240814646,174246.98795237008,161667.17633347487
2016-02-08,118576.845018,Cluster 4,167001.08059464107,174990.93570118607,141981.08674769808
2016-02-09,117957.124031,Cluster 4,167028.1205517017,167857.83081359413,142784.05479060896
2016-02-10,158957.460992,Cluster 4,167058.71203038006,194343.88502220577,129906.91804497586
2016-02-11,132948.464982,Cluster 4,167073.3541376275,167554.76775566066,126308.84435484582
2016-02-12,134979.2980255,Cluster 4,167030.85541516996,159251.66684527972,115692.38803405734
2016-02-13,160273.027881,Cluster 4,167012.3509132118,159897.82300688687,152293.44859389155
2016-02-14,149371.840007,Cluster 4,166994.39722702184,173886.53574367045,142614.51597775458
2016-02-15,144892.485044,Cluster 4,166996.16567287763,174630.7925839339,122891.4139745818
2016-02-16,146833.166972,Cluster 4,167005.10728886802,167730.588064134,123676.9608617688
2016-02-17,130458.900029,Cluster 4,167015.22428728853,193445.1240080144,110475.2110177294
2016-02-18,116932.765045,Cluster 4,167020.06611270498,167471.09117629853,106761.9250108226
2016-02-19,127740.245018,Cluster 4,167006.00756411656,159430.25210644037,117995.57477223652
2016-02-20,164624.1190055,Cluster 4,166999.88595591468,160070.35903466583,156811.67529951743
2016-02-21,150631.1229883,Cluster 4,166993.94674195984,173653.87170602274,148589.5236545497
2016-02-22,141580.097,Cluster 4,166994.531254424,174386.62259671133,130806.82010132133
2016-02-23,133456.6210051,Cluster 4,166997.4885798259,167701.75937428986,133177.08110819187
2016-02-24,123987.509956,Cluster 4,167000.8347751947,192658.23615483704,120995.992497315
2016-02-25,116033.655984,Cluster 4,167002.43614055993,167466.40390477626,118437.83197849509
2016-02-26,121777.7190199,Cluster 4,166997.7857916316,159672.2912288079,135942.96455649997
2016-02-27,171131.326872,Cluster 4,166995.76081504143,160299.59165894674,176262.44617970678
2016-02-28,155548.181001,Cluster 4,166993.79619611474,173483.74775523305,168529.64543547144
2016-02-29,136375.49296,Cluster 4,166993.9894790292,174199.72712456758,151758.88122307722
2016-03-01,182708.797959,Cluster 4,166994.96764264585,167718.74175502578,155703.3560367217
2016-03-02,160955.966724,Cluster 4,166996.07444558197,191935.227219186,144029.00677309264
2016-03-03,136912.322025,Cluster 4,166996.60411159147,167498.1968328446,141168.8546010303
2016-03-04,141353.0880893,Cluster 4,166995.06587634402,159939.7886013549,135582.3060012959
2016-03-05,183073.885028,Cluster 4,166994.39605188725,160551.36848839914,174780.74923119927
2016-03-06,167082.422985,Cluster 4,166993.74619569082,173345.1116794978,165879.47273719264
2016-03-07,146397.567129,Cluster 4,166993.81012093928,174042.1550731706,147554.69265685978
2016-03-08,137692.12696,Cluster 4,166994.13366664125,167756.57305257098,150144.41628952356
2016-03-09,129835.4339001,Cluster 4,166994.499764412,191252.97647596677,136919.22587401106
2016-03-10,115233.717998,Cluster 4,166994.67496112172,167546.3061996696,132801.44738542743
2016-03-11,123696.0289845,Cluster 4,166994.16614971712,160214.83327746944,125746.34293618635
2016-03-12,167430.059986,Cluster 4,166993.94458704625,160809.5955567221,163937.19367774448
2016-03-13,146809.4979975,Cluster 4,166993.72962982816,173223.15843346936,154084.7352115275
2016-03-14,135227.086987,Cluster 4,166993.75077363374,173900.56460441038,135092.29013965416
2016-03-15,141603.032887,Cluster 4,166993.857793516,167803.421691767,137399.1724944087
2016-03-16,134112.615983,Cluster 4,166993.97888873055,190600.1894786694,123762.24853327432
2016-03-17,121743.8050227,Cluster 4,166994.03683889387,167601.1829880147,119361.66247268242
2016-03-18,125977.2610247,Cluster 4,166993.8685367464,160489.05182731562,122065.3688133287
2016-03-19,168532.301934,Cluster 4,166993.79524922764,161066.7540658749,160840.13521326898
2016-03-20,147912.921971,Cluster 4,166993.72414668527,173110.8031427077,151210.76642119908
2016-03-21,140128.889014,Cluster 4,166993.7311403792,173768.55622367846,132746.8280009202
2016-03-22,138293.9030057,Cluster 4,166993.76653972108,167853.69326873988,135737.72453480947
2016-03-23,142879.375115,Cluster 4,166993.80659484924,189971.1993825393,122978.38213466437
2016-03-24,151450.566997,Cluster 4,166993.825763226,167658.3200578682,119368.32573891108
2016-03-25,129716.733984,Cluster 4,166993.77009312954,160758.59779615127,109467.26563045692
2016-03-26,151371.842014,Cluster 4,166993.74585145718,161319.39526245775,147926.74064022448
2016-03-27,133825.835997,Cluster 4,166993.7223325273,173004.63011054916,138085.20995452596
2016-03-28,129650.9459943,Cluster 4,166993.72464584452,173643.0303800006,119712.76883751334
2016-03-29,133346.1170141,Cluster 4,166993.73635502937,167904.7557028943,122533.60202801976
2016-03-30,120872.595047,Cluster 4,166993.74960423287,189363.0218441356,109426.87145095805
2016-03-31,120835.4929717,Cluster 4,166993.75594463485,167715.6046545365,105633.17866761128
2016-04-01,171947.274021,Cluster 4,166993.7375303826,161021.77145138523,144086.47854515462
2016-04-02,201756.406933,Cluster 4,166993.72951185206,161566.0002876688,185075.72186856807
2016-04-03,191839.232,Cluster 4,166993.72173238735,172902.9682546334,177877.78125651233
2016-04-04,152096.7590415,Cluster 4,166993.7224975712,173522.457005556,160868.2519805549
2016-04-05,152649.978116,Cluster 4,166993.7263706688,167955.38346830697,165680.45930749032
2016-04-06,139639.77411,Cluster 4,166993.73075316567,188773.95561567237,154003.80101486295
2016-04-07,118769.113048,Cluster 4,166993.73285040774,167772.06068259408,150906.00920652144
2016-04-08,129704.6079797,Cluster 4,166993.7267594425,161277.88910541392,130291.37115645409
2016-04-09,171572.298024,Cluster 4,166993.72410711675,161805.96355917706,169236.87000602824
2016-04-10,155035.964094,Cluster 4,166993.72153386805,172804.97675427943,159929.1602402171
2016-04-11,129683.717001,Cluster 4,166993.721786971,173406.05336774985,140567.73381622726
2016-04-12,136043.961999,Cluster 4,166993.72306809254,168005.0185127629,143689.0328659154
2016-04-13,122721.462043,Cluster 4,166993.72451771045,188202.9174653228,129670.2737184896
2016-04-14,111810.4669805,Cluster 4,166993.72521142443,167827.25121940067,124702.1595721498
2016-04-15,127826.726001,Cluster 4,166993.72319668854,161526.74607478513,216183.4987352605
2016-04-16,160674.149989,Cluster 4,166993.72231936682,162039.10990949496,259644.3548424067
2016-04-17,203438.582991,Cluster 4,166993.72146820178,172710.21062316262,255657.2963800653
2016-04-18,258213.806011,Cluster 4,166993.72155192174,173293.39343770102,241447.6442711948
2016-04-19,237355.961961,Cluster 4,166993.72197568402,168053.4191624259,247932.973051586
2016-04-20,198426.1419919,Cluster 4,166993.72245518057,187649.1259637652,236977.2214314337
2016-04-21,360500.111952,Cluster 4,166993.72268464344,167880.9946899093,237781.87001147727
2016-04-22,158078.55402,Cluster 4,166993.72201822023,161768.3616566178,143078.74724794683
2016-04-23,180596.8228569,Cluster 4,166993.7217280246,162265.46529452773,179487.7211268474
2016-04-24,168845.36399,Cluster 4,166993.72144648092,172618.41428286483,168975.11662205224
2016-04-25,132317.22806,Cluster 4,166993.72147417333,173184.22226208702,148353.14646511164
2016-04-26,133758.022018,Cluster 4,166993.72161434306,168100.49334737824,149674.02784898004
2016-04-27,122428.493005,Cluster 4,166993.72177294828,187111.95101520143,132927.2692393407
2016-04-28,109320.145003,Cluster 4,166993.72184884874,167933.2300527771,129703.59894923988
2016-04-29,126171.571014,Cluster 4,166993.72162841295,162002.85808054643,142708.74476969783
2016-04-30,190062.946947,Cluster 4,166993.72153242366,162485.14796341257,181381.5224583932
2016-05-01,399137.861962,Cluster 4,166993.7214392962,172529.42345474544,176844.00223199153
2016-05-02,159892.892004,Cluster 4,166993.72144845614,173078.36772804562,153742.55359812346
2016-05-03,158457.9161985,Cluster 4,166993.7214948207,168146.21939240335,156936.91129519642
2016-05-04,139425.5339997,Cluster 4,166993.72154728326,186590.84213640244,142520.79342103613
2016-05-05,127586.935998,Cluster 4,166993.7215723892,167983.95277702506,140665.65213637328
2016-05-06,131788.7130102,Cluster 4,166993.72149947466,162230.40310564684,195432.10146752588
2016-05-07,368595.827936,Cluster 4,166993.72146772384,162698.31685329138,242685.72135997348
2016-05-08,285926.7780266,Cluster 4,166993.72143691964,172443.1185121377,241824.7875156899
2016-05-09,146999.0529999,Cluster 4,166993.72143994953,172975.6985983317,220335.2215136324
2016-05-10,142426.186004,Cluster 4,166993.72145528573,168190.60840703704,227645.69815046396
2016-05-11,133311.573047,Cluster 4,166993.721472639,186085.2941538932,217128.1043271417
2016-05-12,223532.3600854,Cluster 4,166993.7214809434,168033.18444869245,220108.42089448
2016-05-13,119242.0489829,Cluster 4,166993.72145682515,162451.18285029038,136953.93898987034
2016-05-14,167667.4709741,Cluster 4,166993.7214463228,162905.14716721533,180339.05647295903
2016-05-15,176523.57101,Cluster 4,166993.72143613355,172359.40228113142,175774.10380157403
2016-05-16,141348.022987,Cluster 4,166993.72143713577,172876.1045296199,150653.17019618457
2016-05-17,134375.672975,Cluster 4,166993.7214422086,168233.68643770818,154377.17192379248
2016-05-18,114096.0319987,Cluster 4,166993.72144794863,185594.8306843501,139934.31213715384
2016-05-19,113213.567095,Cluster 4,166993.7214506955,168080.95835352852,140157.76183809203
2016-05-20,127072.4571084,Cluster 4,166993.7214427178,162665.3889818522,100685.62427206924
2016-05-21,164870.651989,Cluster 4,166993.72143924388,163105.81886321626,141777.26338077636
2016-05-22,165504.615992,Cluster 4,166993.72143587354,172278.18945735676,135066.23815647024
2016-05-23,131512.571001,Cluster 4,166993.72143620503,172779.48653575935,107681.19206953942
2016-05-24,129378.536021,Cluster 4,166993.72143788298,168275.48600773138,109695.1972003756
2016-05-25,111805.466988,Cluster 4,166993.72143978163,185118.9960699798,92797.49602069278
2016-05-26,112420.626023,Cluster 4,166993.72144069022,168127.31264881996,91630.50043867802
2016-05-27,146215.635015,Cluster 4,166993.7214380514,162873.21272549135,116710.56639232888
2016-05-28,153532.7879933,Cluster 4,166993.72143690233,163300.51127440165,160159.4011416295
2016-05-29,155138.821984,Cluster 4,166993.7214357875,172199.40154231933,156444.08682358218
2016-05-30,142272.269996,Cluster 4,166993.72143589717,172685.7524144557,132453.311579868
2016-05-31,182275.6499967,Cluster 4,166993.7214364522,168316.04211664805,138264.36157873354
2016-06-01,146364.179,Cluster 4,166993.72143708024,184657.35133709063,125255.66472589316
2016-06-02,132729.7419823,Cluster 4,166993.7214373808,168172.28713998405,126475.81843467386
2016-06-03,128979.02699,Cluster 4,166993.72143650794,163074.8421096682,136605.6042565963
2016-06-04,175929.461006,Cluster 4,166993.72143612785,163489.40063909197,182947.791507961
2016-06-05,176433.726992,Cluster 4,166993.7214357591,172122.96440299536,181830.40801384277
2016-06-06,133235.348008,Cluster 4,166993.72143579536,172594.81453321522,160408.36028620723
2016-06-07,132032.401031,Cluster 4,166993.72143597895,168355.3903575333,168728.31605990184
2016-06-08,122229.9369605,Cluster 4,166993.7214361867,184209.4720722403,157762.66917030513
2016-06-09,103279.273997,Cluster 4,166993.7214362861,168215.9217690782,160589.79000847222
2016-06-10,113927.928973,Cluster 4,166993.7214359974,163270.4607466121,135608.4039637434
2016-06-11,149912.674017,Cluster 4,166993.72143587167,163672.65901087667,180696.96970129205
2016-06-12,154975.551009,Cluster 4,166993.7214357497,172048.80707870406,178312.6357386834
2016-06-13,126045.12998,Cluster 4,166993.7214357617,172506.58873734582,155509.1971928336
2016-06-14,123563.527042,Cluster 4,166993.72143582243,168393.5660399573,162159.18238754672
2016-06-15,125584.0139945,Cluster 4,166993.72143589114,183774.94721545072,149463.77093722337
2016-06-16,120839.889996,Cluster 4,166993.72143592403,168258.25591600264,150563.14000405633
2016-06-17,118826.021975,Cluster 4,166993.72143582854,163460.2473393473,110159.33164728868
2016-06-18,165945.609013,Cluster 4,166993.72143578695,163850.45382174544,150831.22380793613
2016-06-19,138767.347982,Cluster 4,166993.7214357466,171976.8611815346,143812.1632591625
2016-06-20,141009.0190198,Cluster 4,166993.72143575057,172420.99379221426,116561.67858738934
2016-06-21,134796.745008,Cluster 4,166993.72143577065,168430.60379018824,118739.30762582368
2016-06-22,125860.7568894,Cluster 4,166993.72143579338,183353.37829499488,100981.20638284837
2016-06-23,106984.624906,Cluster 4,166993.72143580427,168299.32808521725,97781.09117890258
2016-06-24,111585.6199747,Cluster 4,166993.7214357727,163644.37553131115,113481.09938165106
2016-06-25,451353.2943,Cluster 4,166993.72143575893,164022.9477530647,158248.38477130866
2016-06-26,149263.737993,Cluster 4,166993.72143574557,171907.06057973122,143908.3107113242
2016-06-27,124779.924026,Cluster 4,166993.72143574688,172337.95108047544,115437.201377359
2016-06-28,122518.910976,Cluster 4,166993.7214357535,168466.53737761642,116026.192967981
2016-06-29,110534.996881,Cluster 4,166993.72143576102,182944.37887768383,97472.02374290791
2016-06-30,106917.334995,Cluster 4,166993.72143576463,168339.17577504815,89370.26037509734
2016-07-01,150651.6500105,Cluster 4,166993.72143575418,163823.0139162299,145069.79485034084
2016-07-02,195006.422788,Cluster 4,166993.72143574964,164190.29875046157,195966.2085218661
2016-07-03,365380.15995,Cluster 4,166993.72143574522,171839.3412164514,188793.40094474555
2016-07-04,152729.177008,Cluster 4,166993.72143574565,172257.38442155978,160169.40585636947
2016-07-05,143660.1361,Cluster 4,166993.72143574787,168501.39964816315,164574.00384523996
2016-07-06,130579.386012,Cluster 4,166993.72143575034,182547.57412708388,149589.8689542947
2016-07-07,114335.964985,Cluster 4,166993.72143575153,168377.83543319732,145134.64337234158
2016-07-08,118070.272978,Cluster 4,166993.72143574807,163996.32612170404,112257.9844898913
2016-07-09,155769.8020167,Cluster 4,166993.72143574656,164352.66010480394,162303.54615495622
2016-07-10,151600.9930249,Cluster 4,166993.7214357451,171773.6409937557,154229.61019431907
2016-07-11,132534.6329795,Cluster 4,166993.72143574525,172179.21995033522,125127.42322934256
2016-07-12,122019.727996,Cluster 4,166993.72143574597,168535.22250804133,128948.89110066244
2016-07-13,113004.098092,Cluster 4,166993.7214357468,182162.60041839283,113502.24499343064
2016-07-14,104964.312055,Cluster 4,166993.7214357472,168415.34245267976,109047.1609730234
2016-07-15,121192.383007,Cluster 4,166993.72143574606,164164.47092545842,113076.32025341676
2016-07-16,161820.10603,Cluster 4,166993.72143574557,164510.1805623762,164917.35374368692
2016-07-17,153400.0941138,Cluster 4,166993.72143574507,171709.89968847827,158330.23237741817
2016-07-18,132804.626995,Cluster 4,166993.72143574513,172103.38602494224,130499.5505156946
2016-07-19,124127.632096,Cluster 4,166993.72143574536,168568.0369309781,135722.80082424893
2016-07-20,123354.142027,Cluster 4,166993.72143574565,181789.10498545985,121701.73767216882
2016-07-21,111420.352989,Cluster 4,166993.72143574574,168451.73118645788,118145.2539251256
2016-07-22,114866.799979,Cluster 4,166993.72143574536,164327.60238482867,124108.3688831002
2016-07-23,156039.31204,Cluster 4,166993.7214357452,164663.00444678817,176027.99336150836
2016-07-24,291014.07,Cluster 4,166993.72143574504,171648.0588841092,171990.94513191463
2016-07-25,130488.177988,Cluster 4,166993.72143574507,172029.813149518,140999.1611503177
2016-07-26,124873.929006,Cluster 4,166993.72143574516,168599.87297613823,145557.2447564864
2016-07-27,120596.199964,Cluster 4,166993.72143574525,181426.7455881442,130681.06755104334
2016-07-28,101561.5140181,Cluster 4,166993.72143574528,168487.03497046474,125981.49662465951
2016-07-29,118450.1659899,Cluster 4,166993.72143574516,164485.86997032183,119697.52898709336
2016-07-30,170894.402923,Cluster 4,166993.7214357451,164811.27178438337,170343.25497892432
2016-07-31,167341.5099941,Cluster 4,166993.72143574504,171588.06191112194,165555.23193781424
2016-08-01,171205.712028,Cluster 4,166993.72143574504,171958.4339049918,133949.4476489715
2016-08-02,154010.325018,Cluster 4,166993.72143574507,168630.75981069903,137646.89503265292
2016-08-03,140370.3640032,Cluster 4,166993.7214357451,181075.1901942549,122526.104221556
2016-08-04,118253.615971,Cluster 4,166993.7214357451,168521.28615013303,116851.9641954724
2016-08-05,122120.2579831,Cluster 4,166993.72143574507,164639.41869896423,116882.24422104476
2016-08-06,157455.1190285,Cluster 4,166993.72143574504,164955.11842929752,167761.4695977355
2016-08-07,149863.988928,Cluster 4,166993.721435745,171529.85379212798,163746.41700313435
2016-08-08,136968.5370133,Cluster 4,166993.721435745,171889.1828846844,132172.7407003825
2016-08-09,131888.535031,Cluster 4,166993.721435745,168660.72573421587,136280.4990154819
2016-08-10,119034.597991,Cluster 4,166993.721435745,180734.1166731887,121663.34253689696
2016-08-11,118850.38199,Cluster 4,166993.721435745,168554.51610812498,117061.52850401474
2016-08-12,136675.132017,Cluster 4,166993.721435745,164788.38926546436,110217.09985552776
2016-08-13,144875.4099759,Cluster 4,166993.721435745,165094.67618639854,161439.55887618943
2016-08-14,128522.4210079,Cluster 4,166993.721435745,171473.381190114,158419.85856899514
2016-08-15,132951.190987,Cluster 4,166993.721435745,171821.99663312873,128086.782991902
2016-08-16,130573.216019,Cluster 4,166993.721435745,168689.79820343156,133312.7856948328
2016-08-17,119747.024001,Cluster 4,166993.721435745,180403.2124997547,119760.89249338424
2016-08-18,107292.7580021,Cluster 4,166993.721435745,168586.75529218177,116180.64128199064
2016-08-19,118420.555987,Cluster 4,166993.721435745,164932.9181703159,109466.45000712149
2016-08-20,141212.948009,Cluster 4,166993.721435745,165230.07293132623,161058.9641227408
2016-08-21,135917.395018,Cluster 4,166993.721435745,171418.59235891083,158585.14123675996
2016-08-22,122889.325983,Cluster 4,166993.721435745,171756.8135873339,128610.22929073332
2016-08-23,119175.700003,Cluster 4,166993.721435745,168718.00385690242,134157.32413370322
2016-08-24,113379.80999,Cluster 4,166993.721435745,180082.1744673301,120618.57751068636
2016-08-25,96662.476012,Cluster 4,166993.721435745,168618.03324259192,116834.87922316836
2016-08-26,103170.961916,Cluster 4,166993.721435745,165073.13784448543,105151.36640228792
2016-08-27,134144.814012,Cluster 4,166993.721435745,165361.43272731578,156024.55772362225
2016-08-28,125407.953016,Cluster 4,166993.721435745,171365.43709546517,153011.1427896357
2016-08-29,114392.566995,Cluster 4,166993.721435745,171693.5740200933,122447.00411885348
2016-08-30,111960.400996,Cluster 4,166993.721435745,168745.36853915366,126542.73795215398
2016-08-31,120266.6340112,Cluster 4,166993.721435745,179770.70840980514,113815.2039720547
2016-09-01,134332.650961,Cluster 4,166993.721435745,168648.37861905433,109811.37207109708
2016-09-02,132044.519878,Cluster 4,166993.721435745,165209.1767705742,109374.96160367336
2016-09-03,167789.102912,Cluster 4,166993.721435745,165488.8759387112,159767.42467739593
2016-09-04,159019.52099,Cluster 4,166993.721435745,171313.86669369027,156518.41227594565
2016-09-05,140653.392006,Cluster 4,166993.721435745,171632.2199851235,125973.8227758071
2016-09-06,135673.778988,Cluster 4,166993.721435745,168771.9173242407,129995.67540460922
2016-09-07,118083.686,Cluster 4,166993.721435745,179468.52893193212,116604.29525213176
2016-09-08,99661.072027,Cluster 4,166993.721435745,168677.81922684205,112500.15189631526
2016-09-09,104733.275007,Cluster 4,166993.721435745,165341.15960045927,102748.81997053434
2016-09-10,142382.809028,Cluster 4,166993.721435745,165612.5193411761,152512.31690538212
2016-09-11,138110.84311,Cluster 4,166993.721435745,171263.83389976606,148953.9107616039
2016-09-12,122480.297971,Cluster 4,166993.721435745,171572.69526390446,118385.23114252486
2016-09-13,117211.298035,Cluster 4,166993.721435745,168797.67453866717,122072.18830764617
2016-09-14,100164.889962,Cluster 4,166993.721435745,179175.3591477672,108582.72466105546
2016-09-15,100841.690985,Cluster 4,166993.721435745,168706.38204223372,104700.4560155631
2016-09-16,111835.656028,Cluster 4,166993.721435745,165469.2072694696,104091.71103273124
2016-09-17,141070.41399,Cluster 4,166993.721435745,165732.47622865747,154014.31419156847
2016-09-18,139958.821,Cluster 4,166993.721435745,171215.29286880698,151041.6369165866
2016-09-19,116656.875987,Cluster 4,166993.721435745,171514.94531413665,120915.75971568692
2016-09-20,122347.04203,Cluster 4,166993.721435745,168822.66378364805,125318.32743427168
2016-09-21,109608.110988,Cluster 4,166993.721435745,178890.93042693657,112046.0486952676
2016-09-22,98000.128996,Cluster 4,166993.721435745,168734.0932372101,108466.00002921918
2016-09-23,105737.676995,Cluster 4,166993.721435745,165593.43710717934,84025.73228375011
2016-09-24,139247.832956,Cluster 4,166993.721435745,165848.85651717885,131621.11759135727
2016-09-25,132325.5309891,Cluster 4,166993.721435745,171168.19912283873,126124.95162292162
2016-09-26,115538.0700197,Cluster 4,166993.721435745,171458.91721974997,94047.839063139
2016-09-27,109252.457018,Cluster 4,166993.721435745,168846.90795672257,96090.948426846
2016-09-28,105225.898005,Cluster 4,166993.721435745,178614.9821484799,79956.26429318004
2016-09-29,91651.762962,Cluster 4,166993.721435745,168760.97820342472,74212.05212766048
2016-09-30,112261.919964,Cluster 4,166993.721435745,165713.96294490667,109635.50630021558
2016-10-01,184580.211005,Cluster 4,166993.721435745,165961.76684554722,159586.43853877927
2016-10-02,162035.7310153,Cluster 4,166993.721435745,171122.50951003545,155887.17738230934
2016-10-03,146227.84997,Cluster 4,166993.721435745,171404.55964240985,125901.19364649514
2016-10-04,134182.07103,Cluster 4,166993.721435745,168870.42927272897,129697.06313072811
2016-10-05,122035.027997,Cluster 4,166993.721435745,178347.26146203888,115510.52062642376
2016-10-06,107348.28899,Cluster 4,166993.721435745,168787.06157546554,110259.01018567206
2016-10-07,110569.542019,Cluster 4,166993.721435745,165830.89522001293,108744.20652669454
2016-10-08,144396.687906,Cluster 4,166993.721435745,166071.31067306214,158562.33456795983
2016-10-09,150351.714004,Cluster 4,166993.721435745,171078.18216517646,154735.0608266292
2016-10-10,132043.041993,Cluster 4,166993.721435745,171351.82277447305,124343.24806119206
2016-10-11,118789.807,Cluster 4,166993.721435745,168893.24928415683,127976.15808750592
2016-10-12,109579.198042,Cluster 4,166993.721435745,178087.52305616846,113445.72886793576
2016-10-13,107897.451004,Cluster 4,166993.721435745,168812.36725342472,108185.38670397762
2016-10-14,111585.655998,Cluster 4,166993.721435745,165944.34107709347,106915.50240013134
2016-10-15,146083.907003,Cluster 4,166993.721435745,166177.58837431282,156596.24022672963
2016-10-16,152954.6849762,Cluster 4,166993.721435745,171035.17647128343,153065.645285579
2016-10-17,121701.8360055,Cluster 4,166993.721435745,171300.65829334757,123068.42024467954
2016-10-18,121034.542995,Cluster 4,166993.721435745,168915.38890089438,127035.385459856
2016-10-19,111710.281993,Cluster 4,166993.721435745,177835.5289335582,113143.10620499364
2016-10-20,104056.993045,Cluster 4,166993.721435745,168836.91842479748,108565.39128685188
2016-10-21,103524.451968,Cluster 4,166993.721435745,166054.40446615324,92714.07734155808
2016-10-22,132505.735991,Cluster 4,166993.721435745,166280.69733115047,141662.1372182595
2016-10-23,142359.279992,Cluster 4,166993.721435745,170993.45302240268,137468.98414958498
2016-10-24,120907.589022,Cluster 4,166993.721435745,171251.01931721414,107024.62251335105
2016-10-25,112786.61501,Cluster 4,166993.721435745,168936.86840938736,110454.72647629178
2016-10-26,98912.404015,Cluster 4,166993.721435745,177591.0481929552,95605.74531837388
2016-10-27,106701.536993,Cluster 4,166993.721435745,168860.73758572794,90830.8505072279
2016-10-28,105398.88002,Cluster 4,166993.721435745,166161.18623785488,116698.18605204367
2016-10-29,143208.588001,Cluster 4,166993.721435745,166380.7320219181,166939.1880955682
2016-10-30,137493.812035,Cluster 4,166993.721435745,170952.97358749693,164965.21327999514
2016-10-31,123501.660011,Cluster 4,166993.721435745,171202.86036206817,136200.15717744722
2016-11-01,156965.498008,Cluster 4,166993.721435745,168957.7074912271,140550.42737957468
2016-11-02,165222.432985,Cluster 4,166993.721435745,177353.85681759013,128155.41316050744
2016-11-03,145514.436982,Cluster 4,166993.721435745,168883.8465616221,123630.83217079716
2016-11-04,150187.215079,Cluster 4,166993.721435745,166264.78423592795,122587.97313590306
2016-11-05,145087.590021,Cluster 4,166993.721435745,166477.7841080208,171040.68364445076
2016-11-06,153184.514996,Cluster 4,166993.721435745,170913.70107541446,167966.8192726939
2016-11-07,158598.283013,Cluster 4,166993.721435745,171156.1373000428,138979.27600680836
2016-11-08,137595.804142,Cluster 4,166993.721435745,168977.92524118465,141950.56171671776
2016-11-09,133959.388043,Cluster 4,166993.721435745,177123.73746991134,127654.4353573014
2016-11-10,103436.6610132,Cluster 4,166993.721435745,168906.26652714628,122206.850461869
2016-11-11,114850.115016,Cluster 4,166993.721435745,166365.29338682242,125842.42163304638
2016-11-12,306417.571902,Cluster 4,166993.721435745,166571.94251791437,175515.38435698012
2016-11-13,163669.766959,Cluster 4,166993.721435745,170875.5995009023,167967.865827079
2016-11-14,134967.313996,Cluster 4,166993.721435745,171110.80731897472,137632.74814062822
2016-11-15,126242.334981,Cluster 4,166993.721435745,168997.54018470703,139524.3349427533
2016-11-16,140824.026997,Cluster 4,166993.721435745,176900.47929243918,124682.94276235189
2016-11-17,111506.1489989,Cluster 4,166993.721435745,168928.01802562922,118377.51432464852
2016-11-18,112256.216972,Cluster 4,166993.721435745,166462.80578668945,117037.95860386283
2016-11-19,150666.4819697,Cluster 4,166993.721435745,166663.29352859026,167628.13227714942
2016-11-20,154916.984012,Cluster 4,166993.721435745,170838.63395163315,161298.26985384672
2016-11-21,138070.647008,Cluster 4,166993.721435745,171066.82888317524,132813.20569851075
2016-11-22,131138.36397,Cluster 4,166993.721435745,169016.57029489207,136692.90103227572
2016-11-23,127938.906018,Cluster 4,166993.721435745,176683.87771455804,124544.73472879492
2016-11-24,111902.2269865,Cluster 4,166993.721435745,168949.12098788586,120668.8449228208
2016-11-25,129480.406,Cluster 4,166993.721435745,166557.41078576862,104079.77586640662
2016-11-26,150548.558002,Cluster 4,166993.721435745,166751.9208446307,156246.75493752386
2016-11-27,146854.894045,Cluster 4,166993.721435745,170802.77055621537,151560.30883242347
2016-11-28,128674.346009,Cluster 4,166993.721435745,171024.16169537156,125038.63904341384
2016-11-29,121661.268994,Cluster 4,166993.721435745,169035.033008957,130346.91773438308
2016-11-30,126561.191994,Cluster 4,166993.721435745,176473.73426506916,121230.18928749875
2016-12-01,146968.219033,Cluster 4,166993.721435745,168969.59475048,119856.77613385364
2016-12-02,149329.744999,Cluster 4,166993.721435745,166649.19507025942,167713.37319051535
2016-12-03,197077.327002,Cluster 4,166993.721435745,166837.90567490694,225674.1237138518
2016-12-04,202297.63915,Cluster 4,166993.721435745,170767.97645315668,226471.08988961816
2016-12-05,168286.260997,Cluster 4,166993.721435745,170982.76665978244,204595.617689548
2016-12-06,156056.45199,Cluster 4,166993.721435745,169052.94524421627,214042.8300907169
2016-12-07,146762.8170003,Cluster 4,166993.721435745,176269.8563903322,207805.94714205927
2016-12-08,120561.947016,Cluster 4,166993.721435745,168989.45807344207,208960.17639209895
2016-12-09,129458.604001,Cluster 4,166993.721435745,166738.24274175122,163643.75944948525
2016-12-10,161160.246006,Cluster 4,166993.721435745,166921.3268069907,217099.4277603836
2016-12-11,175120.699002,Cluster 4,166993.721435745,170734.21976075327,212790.89389411025
2016-12-12,185549.756996,Cluster 4,166993.721435745,170942.60584629478,185066.13821407736
2016-12-13,148583.814859,Cluster 4,166993.721435745,169070.32341358264,188394.1709064698
2016-12-14,144903.860032,Cluster 4,166993.721435745,176072.05727782895,175284.02881053276
2016-12-15,141841.465997,Cluster 4,166993.721435745,169008.72915745905,170296.63988327206
2016-12-16,162380.300931,Cluster 4,166993.721435745,166824.63539428535,216422.66952547015
2016-12-17,186370.721054,Cluster 4,166993.721435745,167002.2606793467,270876.00405218697
2016-12-18,199328.325977,Cluster 4,166993.721435745,170701.4695478768,266818.7494246466
2016-12-19,189371.3160202,Cluster 4,166993.721435745,170903.64245570856,238711.18316378747
2016-12-20,212615.592994,Cluster 4,166993.721435745,169087.1834406063,236696.8639752475
2016-12-21,211567.166983,Cluster 4,166993.721435745,175880.15568498793,229461.7684081603
2016-12-22,420436.846022,Cluster 4,166993.721435745,169027.42566055167,227556.6216665875
2016-12-23,241132.876866,Cluster 4,166993.721435745,166908.45218911956,260153.81021560647
2016-12-24,260962.485032,Cluster 4,166993.721435745,167080.78145137322,253202.00765527668
2016-12-26,182542.692974,Cluster 4,166993.721435745,170669.69580563225,220463.9661211531
2016-12-27,176134.386003,Cluster 4,166993.721435745,170865.84078601774,215223.13173628465
2016-12-28,186872.0619651,Cluster 4,166993.721435745,169103.54077406568,204420.9538222552
2016-12-29,185994.126014,Cluster 4,166993.721435745,175693.9757731123,201844.1574819815
2016-12-30,233442.464942,Cluster 4,166993.721435745,169045.56471425426,195871.030620082
2016-12-31,245981.843009,Cluster 4,166993.721435745,166989.7699272628,198096.82615927505
2017-01-01,12082.500997,Cluster 4,166993.721435745,167156.96107135375,184267.678633385
2017-01-02,215336.607896,Cluster 4,166993.721435745,170638.8694198609,154547.01219828278
2017-01-03,206381.368023,Cluster 4,166993.721435745,170829.16619969672,148471.19011715287
2017-01-04,171595.749105,Cluster 4,166993.721435745,169119.41040212294,137076.70898426534
2017-01-05,143005.678098,Cluster 4,166993.721435745,175513.34694625976,133065.01340516686
2017-01-06,142772.095005,Cluster 4,166993.721435745,169063.16293931255,131956.95404624683
2017-01-07,180639.00802,Cluster 4,166993.721435745,167068.6631198481,163725.06200377166
2017-01-08,178893.870047,Cluster 4,166993.721435745,167230.86934238332,151861.2835176651
2017-01-09,148213.012007,Cluster 4,166993.721435745,170608.9621444632,124291.09544344102
2017-01-10,151769.7590199,Cluster 4,166993.721435745,170793.5850919621,120617.44614284062
2017-01-11,131453.269914,Cluster 4,166993.721435745,169134.80686605774,111556.3401824201
2017-01-12,122372.99899,Cluster 4,166993.721435745,175338.103694926,109810.97707617874
2017-01-13,135521.5380072,Cluster 4,166993.721435745,169080.23646091294,111186.43042848172
2017-01-14,177523.039106,Cluster 4,166993.721435745,167145.2040564066,181826.8170252356
2017-01-15,173845.487011,Cluster 4,166993.721435745,167302.57398632844,174183.066371623
2017-01-16,154773.478999,Cluster 4,166993.721435745,170579.94657551698,150923.9377250678
2017-01-17,160257.285988,Cluster 4,166993.721435745,170759.06485998078,151084.63367646217
2017-01-18,138151.876742,Cluster 4,166993.721435745,169149.74427359115,144645.08995841097
2017-01-19,116206.354024,Cluster 4,166993.721435745,175168.0854443889,145623.14823935702
2017-01-20,122919.95101,Cluster 4,166993.721435745,169096.8009234581,148837.08278016048
2017-01-21,179784.069976,Cluster 4,166993.721435745,167219.46287110617,197725.2835793657
2017-01-22,168196.885044,Cluster 4,166993.721435745,167372.1407058805,190110.8193076307
2017-01-23,147604.623112,Cluster 4,166993.721435745,170551.7961261671,166560.5566574138
2017-01-24,148560.883996,Cluster 4,166993.721435745,170725.5738729959,165997.3687991137
2017-01-25,135870.527993,Cluster 4,166993.721435745,169164.23631181265,158338.16650539186
2017-01-26,115295.3420187,Cluster 4,166993.721435745,175003.1364075747,157450.1229186673
2017-01-27,127173.382995,Cluster 4,166993.721435745,169112.87150490176,159044.83932040885
2017-01-28,178911.508948,Cluster 4,166993.721435745,167291.5076070152,193871.7408039361
2017-01-29,171487.078032,Cluster 4,166993.721435745,167439.63324475908,183596.6258262119
2017-01-30,133389.347,Cluster 4,166993.721435745,170524.48500226432,156699.43571669693
2017-01-31,154023.87497,Cluster 4,166993.721435745,170693.08144334407,154227.97973737886
2017-02-01,170029.035985,Cluster 4,166993.721435745,169178.29625972154,144639.69147243098
2017-02-02,141396.715981,Cluster 4,166993.721435745,174843.1054423108,141500.64972389094
2017-02-03,147377.419907,Cluster 4,166993.721435745,169128.4629306564,140961.01464522365
2017-02-04,201358.225021,Cluster 4,166993.721435745,167361.40427845012,181716.92082418184
2017-02-05,182687.581018,Cluster 4,166993.721435745,167505.1134461198,171124.56396280657
2017-02-06,144815.68701,Cluster 4,166993.721435745,170497.98817873013,143107.14071703982
2017-02-07,148267.16203,Cluster 4,166993.721435745,170661.55779833597,140104.92892983306
2017-02-08,134346.684988,Cluster 4,166993.721435745,169191.9370003944,129179.25524516226
2017-02-09,120605.658009,Cluster 4,166993.721435745,174687.84591283475,126282.87250417378
2017-02-10,132011.504922,Cluster 4,166993.721435745,169143.58948708585,125789.39234962936
2017-02-11,172624.36904,Cluster 4,166993.721435745,167429.21693146406,180616.12642677905
2017-02-12,167494.564976,Cluster 4,166993.721435745,167568.64130922116,171856.09000994792
2017-02-13,149967.214978,Cluster 4,166993.721435745,170472.2813766263,145490.24594326917
2017-02-14,134414.949994,Cluster 4,166993.721435745,170630.97405297618,144191.7596449018
2017-02-15,135431.530988,Cluster 4,166993.721435745,169205.17103278986,135709.59712257722
2017-02-16,120980.0370261,Cluster 4,166993.721435745,174537.21555543263,134919.3438897003
2017-02-17,127986.8600343,Cluster 4,166993.721435745,169158.26503459603,136593.197652795
2017-02-18,180735.725032,Cluster 4,166993.721435745,167495.00770253205,186220.5997985652
2017-02-19,137582.8790415,Cluster 4,166993.721435745,167630.27504440153,178286.26898599285
2017-02-20,142972.4180627,Cluster 4,166993.721435745,170447.34104090818,153407.23595148412
2017-02-21,146217.067011,Cluster 4,166993.721435745,170601.30218349543,153332.20797083367
2017-02-22,137279.16906,Cluster 4,166993.721435745,169218.0104832012,145625.37861070302
2017-02-23,137297.273088,Cluster 4,166993.721435745,174391.07634808295,145408.65332534286
2017-02-24,165240.400906,Cluster 4,166993.721435745,169172.50302033508,147603.50519091816
2017-02-25,221279.9689045,Cluster 4,166993.721435745,167558.8368754864,201045.00170247877
2017-02-26,158788.512017,Cluster 4,166993.721435745,167690.0711264171,191874.69908631395
2017-02-27,137073.59101,Cluster 4,166993.721435745,170423.1443188414,166362.10899116387
2017-02-28,148315.420016,Cluster 4,166993.721435745,170572.5150016731,164750.60705607914
2017-03-01,190121.358972,Cluster 4,166993.721435745,169230.46711636783,157169.26300634682
2017-03-02,162880.423012,Cluster 4,166993.721435745,174249.2943839881,155797.8835476815
2017-03-03,159200.995038,Cluster 4,166993.721435745,169186.31649051496,156352.97138853456
2017-03-04,195448.7711282,Cluster 4,166993.721435745,167620.76293675456,204259.8538481172
2017-03-05,174497.34402,Cluster 4,166993.721435745,167748.08434618957,193789.90575321505
2017-03-06,146046.7740395,Cluster 4,166993.721435745,170399.66903906193,166923.8544305138
2017-03-07,155353.227982,Cluster 4,166993.721435745,170544.58612992446,164546.03898574848
2017-03-08,147054.46299,Cluster 4,166993.721435745,169242.5523462552,155927.82494263106
2017-03-09,129422.783982,Cluster 4,166993.721435745,174111.7397488758,153262.00722297255
2017-03-10,138372.238037,Cluster 4,166993.721435745,169199.71810236567,153210.00566317636
2017-03-11,177968.3390285,Cluster 4,166993.721435745,167680.84262895005,179795.28648962287
2017-03-12,168538.38603,Cluster 4,166993.721435745,167804.36786101066,167247.372431122
2017-03-13,139104.679065,Cluster 4,166993.721435745,170376.89369126057,137961.96077427562
2017-03-14,136921.509005,Cluster 4,166993.721435745,170517.48997713093,133677.18597072363
2017-03-15,146176.275018,Cluster 4,166993.721435745,169254.27724651332,123999.09003391348
2017-03-16,134901.733003,Cluster 4,166993.721435745,173978.28640195908,120283.3110791162
2017-03-17,151610.840034,Cluster 4,166993.721435745,169212.72013573302,119787.29449208868
2017-03-18,182276.50502,Cluster 4,166993.721435745,167739.13100286544,172257.54298639292
2017-03-19,169705.933006,Cluster 4,166993.721435745,167858.9732432501,160921.79196495566
2017-03-20,151649.028016,Cluster 4,166993.721435745,170354.79740647305,132795.3908564466
2017-03-21,150965.494074,Cluster 4,166993.721435745,170491.20171519113,130058.843243789
2017-03-22,138222.524938,Cluster 4,166993.721435745,169265.65256062345,121730.06340345443
2017-03-23,131619.500991,Cluster 4,166993.721435745,173848.8120604457,120246.43327282462
2017-03-24,147810.334894,Cluster 4,166993.721435745,169225.33450433044,121855.18872839138
2017-03-25,182020.270991,Cluster 4,166993.721435745,167795.6814679151,199475.5343189501
2017-03-26,167878.554962,Cluster 4,166993.721435745,167911.9505276111,192091.5005704301
2017-03-27,153652.280015,Cluster 4,166993.721435745,170333.35993795798,167434.28568452795
2017-03-28,147397.177968,Cluster 4,166993.721435745,170465.69725627103,168058.50751661195
2017-03-29,154039.353,Cluster 4,166993.721435745,169276.6887117425,163415.11005534275
2017-03-30,127082.099003,Cluster 4,166993.721435745,173723.19808749092,164126.3168620167
2017-03-31,152747.259973,Cluster 4,166993.721435745,169237.5727666558,169278.32138151795
2017-04-01,239409.37495,Cluster 4,166993.721435745,167850.54584107432,225052.9341477381
2017-04-02,179625.497921,Cluster 4,166993.721435745,167963.3482569771,218787.1916125859
2017-04-03,164535.525042,Cluster 4,166993.721435745,170312.56164264487,196592.3082082096
2017-04-04,169138.799989,Cluster 4,166993.721435745,170440.95323073232,198950.85081486357
2017-04-05,151964.960962,Cluster 4,166993.721435745,169287.3958122536,195635.9388812446
2017-04-06,131250.163002,Cluster 4,166993.721435745,173601.32938349096,197424.1410505658
2017-04-07,141411.290996,Cluster 4,166993.721435745,169249.44613658203,202623.2869845575
2017-04-08,171151.921034,Cluster 4,166993.721435745,167903.77439435862,232033.7384013872
2017-04-09,169813.73004,Cluster 4,166993.721435745,168013.21352689117,223494.87894052936
2017-04-10,144587.524993,Cluster 4,166993.721435745,170292.38346313505,198482.69545750125
2017-04-11,148606.027107,Cluster 4,166993.721435745,170416.94696571885,197798.78111819533
2017-04-12,166301.917994,Cluster 4,166993.721435745,169297.7836730321,191947.47893947724
2017-04-13,153026.814997,Cluster 4,166993.721435745,173483.0942806177,189501.10772342025
2017-04-14,284452.92201,Cluster 4,166993.721435745,169260.96549363277,193759.2081885055
2017-04-15,166908.964996,Cluster 4,166993.721435745,167955.41590088827,173855.90712286156
2017-04-16,146518.330981,Cluster 4,166993.721435745,168061.59202870983,158595.14246031977
2017-04-17,149340.811089,Cluster 4,166993.721435745,170272.80691023977,127464.50827498558
2017-04-18,145381.69386,Cluster 4,166993.721435745,170393.65646438173,122370.737476133
2017-04-19,131139.915005,Cluster 4,166993.721435745,169307.86181243515,112708.86582102756
2017-04-20,127739.443,Cluster 4,166993.721435745,173368.38444049782,107469.65848374464
2017-04-21,136288.361962,Cluster 4,166993.721435745,169272.14139295084,108398.69612389697
2017-04-22,166477.463995,Cluster 4,166993.721435745,168005.51767957842,182468.81112006464
2017-04-23,164429.779002,Cluster 4,166993.721435745,168108.5280914695,169785.50030560335
2017-04-24,146172.954013,Cluster 4,166993.721435745,170253.81404603831,141420.9528717187
2017-04-25,143535.642015,Cluster 4,166993.721435745,170371.06038572342,138569.39708425628
2017-04-26,150919.720999,Cluster 4,166993.721435745,169317.6394650234,131467.59038167537
2017-04-27,122904.977037,Cluster 4,166993.721435745,173257.0947549428,123602.56949097457
2017-04-28,144095.330004,Cluster 4,166993.721435745,169282.98407497013,130501.12011085934
2017-04-29,198376.64093,Cluster 4,166993.721435745,168054.12563849762,189559.8827396696
2017-04-30,173135.427028,Cluster 4,166993.721435745,168154.0647225053,172474.2612680835
2017-05-01,196756.285057,Cluster 4,166993.721435745,170235.3874674418,149206.91618861866
2017-05-02,180484.716996,Cluster 4,166993.721435745,170349.13802504342,145835.0720926573
2017-05-03,159661.454016,Cluster 4,166993.721435745,169327.12559002257,138243.27986785438
2017-05-04,133632.895984,Cluster 4,166993.721435745,173149.12324963877,129838.26276426176
2017-05-05,134593.309994,Cluster 4,166993.721435745,169293.50347479878,135565.78233681325
2017-05-06,183195.572036,Cluster 4,166993.721435745,168101.28431693302,189656.15456196945
2017-05-07,188714.95499,Cluster 4,166993.721435745,168198.24364685838,174740.7480526998
2017-05-08,146737.649006,Cluster 4,166993.721435745,170217.5102902465,153747.05442356298
2017-05-09,144399.237999,Cluster 4,166993.721435745,170327.86929496625,150755.4458802756
2017-05-10,131561.593009,Cluster 4,166993.721435745,169336.32887953275,143380.4404470789
2017-05-11,132251.926008,Cluster 4,166993.721435745,173044.3709907076,135805.12268958337
2017-05-12,136685.244944,Cluster 4,166993.721435745,169303.70923132263,141763.89809273146
2017-05-13,190254.310992,Cluster 4,166993.721435745,168147.03692620154,190661.18013757368
2017-05-14,145880.3159845,Cluster 4,166993.721435745,168241.1053455084,173911.40694388523
2017-05-15,159041.035001,Cluster 4,166993.721435745,170200.16613366327,153114.12791327928
2017-05-16,154424.1319473,Cluster 4,166993.721435745,170307.2347070358,149479.55880790122
2017-05-17,156514.62401,Cluster 4,166993.721435745,169345.25776649304,141948.72863065248
2017-05-18,118181.897034,Cluster 4,166993.721435745,172942.74199405446,131289.03651582426
2017-05-19,142130.2729,Cluster 4,166993.721435745,169313.61069603747,139402.54378659057
2017-05-20,178160.978978,Cluster 4,166993.721435745,168191.42538924442,175748.15127775603
2017-05-21,196528.902034,Cluster 4,166993.721435745,168282.68909246617,157518.83486956987
2017-05-22,148877.286916,Cluster 4,166993.721435745,170183.33910530765,134838.16924594447
2017-05-23,148593.466013,Cluster 4,166993.721435745,170287.2153538579,129911.6338032668
2017-05-24,140497.325988,Cluster 4,166993.721435745,169353.9204324084,121532.65580954874
2017-05-25,119505.195998,Cluster 4,166993.721435745,172844.14313741776,109610.69524975648
2017-05-26,177719.705984,Cluster 4,166993.721435745,169323.2169416176,118206.0955885408
2017-05-27,173468.900956,Cluster 4,166993.721435745,168234.49037904086,184672.7402136881
2017-05-28,171286.285982,Cluster 4,166993.721435745,168323.03299076032,169178.51214147464
2017-05-29,152080.657024,Cluster 4,166993.721435745,170167.01378663786,149436.8868331915
2017-05-30,153799.37197,Cluster 4,166993.721435745,170267.79289177572,146974.45725200477
2017-05-31,169054.764984,Cluster 4,166993.721435745,169362.3248148466,142880.83768669603
2017-06-01,142515.23299,Cluster 4,166993.721435745,172748.48407504166,134928.36672824988
2017-06-02,154136.671015,Cluster 4,166993.721435745,169332.53677022917,146378.08433742018
2017-06-03,196316.673038,Cluster 4,166993.721435745,168276.27135587658,214437.3392742768
2017-06-04,204655.207979,Cluster 4,166993.721435745,168362.17400735075,203091.0608209464
2017-06-05,183236.775116,Cluster 4,166993.721435745,170151.1752188267,187559.94320912505
2017-06-06,168200.735959,Cluster 4,166993.721435745,170248.94952406143,188421.48577915452
2017-06-07,141357.4689953,Cluster 4,166993.721435745,169370.47861471114,187299.48091513425
2017-06-08,133302.460971,Cluster 4,166993.721435745,172655.67715489256,182252.4497269345
2017-06-09,142738.489992,Cluster 4,166993.721435745,169341.57872159552,196429.35252613135
2017-06-10,168550.929023,Cluster 4,166993.721435745,168316.80660350106,206165.17953778923
2017-06-11,193523.364858,Cluster 4,166993.721435745,168400.1480070015,193272.9256490821
2017-06-12,148718.802973,Cluster 4,166993.721435745,170135.80888905496,175252.47849713074
2017-06-13,141744.941028,Cluster 4,166993.721435745,170230.66798460908,173622.78574024016
2017-06-14,143222.043004,Cluster 4,166993.721435745,169378.38930329768,169896.1812222196
2017-06-15,125648.605019,Cluster 4,166993.721435745,172565.63733834386,161561.4200804236
2017-06-16,139615.168974,Cluster 4,166993.721435745,169350.35108082218,172960.90614879783
2017-06-17,180814.134993,Cluster 4,166993.721435745,168356.13326420696,171013.48088861583
2017-06-18,157647.289018,Cluster 4,166993.721435745,168436.9897851435,152880.03685445563
2017-06-19,147342.732035,Cluster 4,166993.721435745,170120.9007172133,129317.31657497336
2017-06-20,159200.577992,Cluster 4,166993.721435745,170212.9315221139,122781.15955589055
2017-06-21,129912.945994,Cluster 4,166993.721435745,169386.06412914,113549.3173301672
2017-06-22,117563.871011,Cluster 4,166993.721435745,172478.28212225548,99367.19691770324
2017-06-23,131185.999034,Cluster 4,166993.721435745,169358.86188598842,106557.86579704718
2017-06-24,166012.412015,Cluster 4,166993.721435745,168394.28737286333,188103.96551636324
2017-06-25,524757.174006,Cluster 4,166993.721435745,168472.73309975732,183262.89780150272
2017-06-26,143718.945999,Cluster 4,166993.721435745,170106.4370430009,153158.12237359013
2017-06-27,140961.266,Cluster 4,166993.721435745,170195.7238847231,147157.13242057394
2017-06-28,129035.562035,Cluster 4,166993.721435745,169393.51012465174,138547.68354809406
2017-06-29,131989.016862,Cluster 4,166993.721435745,172393.53146337654,125521.34169626467
2017-06-30,139493.346029,Cluster 4,166993.721435745,169367.11893551255,133545.29777217715
2017-07-01,208187.74708,Cluster 4,166993.721435745,168431.30388993426,202022.4511525505
2017-07-02,196685.659006,Cluster 4,166993.721435745,168507.41070230573,196269.1949317432
2017-07-03,329856.142076,Cluster 4,166993.721435745,170092.4046134082,175796.8827912087
2017-07-04,156458.541025,Cluster 4,166993.721435745,170179.02930514413,169709.3817865946
2017-07-05,140877.315039,Cluster 4,166993.721435745,169400.7341125701,164252.98515237673
2017-07-06,129007.39505,Cluster 4,166993.721435745,172311.3077050018,155457.8619437029
2017-07-07,141098.186903,Cluster 4,166993.721435745,169375.12979529746,166133.59141646215
2017-07-08,167530.452997,Cluster 4,166993.721435745,168467.21673351296,181830.370215518
2017-07-09,167388.665934,Cluster 4,166993.721435745,168541.0543677435,176129.87483192608
2017-07-10,157820.76706,Cluster 4,166993.721435745,170078.79057057356,155821.35253813022
2017-07-11,143551.985895,Cluster 4,166993.721435745,170162.8324861975,149699.74564175785
2017-07-12,131777.58201,Cluster 4,166993.721435745,169407.7427122076,144235.19741309565
2017-07-13,124411.07792,Cluster 4,166993.721435745,172231.5355058154,135202.85132991013
2017-07-14,133481.690003,Cluster 4,166993.721435745,169382.90180566336,145960.03872366546
2017-07-15,163499.153038,Cluster 4,166993.721435745,168502.05881040086,169204.3139659976
2017-07-16,175699.506971,Cluster 4,166993.721435745,168573.69492363278,163295.49922153217
2017-07-17,149731.940997,Cluster 4,166993.721435745,170065.58244000154,142163.3319394601
2017-07-18,140896.833008,Cluster 4,166993.721435745,170147.1185867999,135139.81358027607
2017-07-19,133015.636996,Cluster 4,166993.721435745,169414.54234551743,128487.46434735872
2017-07-20,129227.233866,Cluster 4,166993.721435745,172154.141770856,118281.50343989878
2017-07-21,139458.284976,Cluster 4,166993.721435745,169390.4420880738,127625.085068337
2017-07-22,174595.207976,Cluster 4,166993.721435745,168535.8620462601,174543.2063935774
2017-07-23,174449.864954,Cluster 4,166993.721435745,168605.36227839038,166460.34423501958
2017-07-24,148858.432094,Cluster 4,166993.721435745,170052.76811913255,148313.54664555236
2017-07-25,137853.579897,Cluster 4,166993.721435745,170131.8732083653,141411.98103574535
2017-07-26,131448.238011,Cluster 4,166993.721435745,169421.1392429776,134841.32892647845
2017-07-27,133768.434958,Cluster 4,166993.721435745,172079.05558453963,125057.11700109488
2017-07-28,148851.017009,Cluster 4,166993.721435745,169397.75755166064,134578.56763367233
2017-07-29,183749.921952,Cluster 4,166993.721435745,168568.6574148665,193339.52197687104
2017-07-30,184809.2980487,Cluster 4,166993.721435745,168636.08544869252,185811.11004863845
2017-07-31,169990.2718755,Cluster 4,166993.721435745,170040.3358662533,167721.12640919525
2017-08-01,193756.445048,Cluster 4,166993.721435745,170117.0823816116,161984.57067247978
2017-08-02,176865.915256,Cluster 4,166993.721435745,169427.53944929998,155706.40699232003
2017-08-03,145050.95399,Cluster 4,166993.721435745,172006.20814568046,146610.2475237197
2017-08-04,144581.721979,Cluster 4,166993.721435745,169404.85489955527,156144.0901855323
2017-08-05,169298.501999,Cluster 4,166993.721435745,168600.47496649108,188336.2379485637
2017-08-06,174506.028008,Cluster 4,166993.721435745,168665.89258606275,180736.649297392
2017-08-07,151240.999009,Cluster 4,166993.721435745,170028.27428973786,162282.21129667372
2017-08-08,147725.307021,Cluster 4,166993.721435745,170102.73255376075,156571.62766669592
2017-08-09,135364.533996,Cluster 4,166993.721435745,169433.74882896926,150453.69532258267
2017-08-10,129159.529976,Cluster 4,166993.721435745,171935.5327044485,141689.3240843379
2017-08-11,152946.002021,Cluster 4,166993.721435745,169411.7406350305,152036.6564604844
2017-08-12,153984.140006,Cluster 4,166993.721435745,168631.343855435,103881.43386087744
2017-08-13,146344.952998,Cluster 4,166993.721435745,168694.81100266735,92299.40499937513
2017-08-14,141505.5040895,Cluster 4,166993.721435745,170016.57233760986,69883.8766917829
2017-08-15,157853.006028,Cluster 4,166993.721435745,170088.81057612033,61232.1668124509
2017-08-16,0.0,Cluster 4,166993.721435745,169439.7730716163,49438.62589238929
2017-08-17,0.0,Cluster 4,166993.721435745,171866.96450120676,37931.99762408108
2017-08-18,0.0,Cluster 4,166993.721435745,169418.4210674594,46094.63195544858
2017-08-19,0.0,Cluster 4,166993.721435745,168661.29236674326,12707.52583330944
2017-08-20,0.0,Cluster 4,166993.721435745,168722.867196341,664.0359094769374
2017-08-21,0.0,Cluster 4,166993.721435745,170005.21928741518,-21743.755367428035
2017-08-22,0.0,Cluster 4,166993.721435745,170075.30369203538,-30373.36350956889
2017-08-23,0.0,Cluster 4,166993.721435745,169445.6176972317,-41908.93365954861
2017-08-24,0.0,Cluster 4,166993.721435745,171800.4407071725,-53009.83814011098
2017-08-25,0.0,Cluster 4,166993.721435745,169424.90231809675,-44618.96748159635
2017-08-26,0.0,Cluster 4,166993.721435745,168690.34794212246,-41943.527287034805
2017-08-27,0.0,Cluster 4,166993.721435745,168750.08687486677,-9012.485373007294
2017-08-28,0.0,Cluster 4,166993.721435745,169994.20473639725,-18097.13676124075
2017-08-29,0.0,Cluster 4,166993.721435745,170062.19952519948,-37787.61238517318
2017-08-30,0.0,Cluster 4,166993.721435745,169451.28806122346,-44212.96760816538
2017-08-31,0.0,Cluster 4,166993.721435745,171735.9003668471,-54272.30596346585
